SentimentText	EmotionLabel
I woke up smiling because today feels beautiful.	Joy
"My family surprised me with a lovely dinner, and I felt truly happy."	Joy
The little girl laughed so hard that everyone around her smiled.	Joy
"After months of hard work, I finally achieved my goal."	Joy
The warm sunshine and fresh air filled me with peace and happiness.	Joy
I can't stop smiling because everything is going better than I expected.	Joy
Hearing my friend's good news made my whole day brighter.	Joy
"The children were playing together, laughing without a single worry."	Joy
Receiving a heartfelt thank-you message meant more to me than any gift.	Joy
I felt proud when my project was accepted by the entire team.	Joy
"Winning the competition was exciting, but sharing the moment with my family made it unforgettable."	Joy
Every small success reminded me that persistence eventually brings happiness.	Joy
Walking through the park while listening to birds singing made me feel completely alive.	Joy
"The audience stood up and applauded, filling the room with excitement and gratitude."	Joy
Helping someone solve a difficult problem gave me genuine satisfaction.	Joy
The baby's first smile instantly melted everyone's heart.	Joy
Our vacation created memories that we will treasure for the rest of our lives.	Joy
Completing my degree after years of study brought an overwhelming sense of fulfillment.	Joy
Joy often grows from simple moments rather than extraordinary events.	Joy
"True happiness comes from meaningful relationships, gratitude, and a sense of purpose."	Joy
Seeing my parents proud of me filled my heart with joy.	Joy
"Every morning brings a new chance, and that thought makes me smile."	Joy
"The concert was incredible, and everyone left with happy memories."	Joy
"My best friend called with wonderful news, and we celebrated together."	Joy
A simple compliment completely changed my mood for the better.	Joy
"The puppy ran toward me with excitement, making me laugh instantly."	Joy
Watching the sunset beside the ocean gave me deep happiness and peace.	Joy
"Our team completed the project successfully, and everyone cheered."	Joy
The smell of fresh bread reminded me of warm family moments.	Joy
She smiled with genuine happiness after hearing that she got the job.	Joy
Sharing a meal with loved ones often brings more happiness than expensive gifts.	Joy
The classroom was filled with laughter after the teacher told a funny story.	Joy
"I finally solved a difficult problem, and the feeling was incredibly rewarding."	Joy
Receiving unexpected kindness from a stranger restored my faith in people.	Joy
The wedding celebration brought families together in an atmosphere of love and joy.	Joy
Music has a remarkable ability to lift my mood within a few minutes.	Joy
The successful launch of the new product filled the entire company with optimism.	Joy
Psychological research suggests that gratitude is closely associated with lasting happiness.	Joy
"Despite the challenges, we celebrated every small victory along the journey."	Joy
"The happiest moments are often created by love, friendship, hope, and shared experiences."	Joy
The first flowers of spring always fill me with quiet happiness.	Joy
"My little brother hugged me after a long day, and everything felt better."	Joy
The entire neighborhood celebrated the festival with music and laughter.	Joy
Finding an old photograph brought back wonderful memories.	Joy
"I finally met my childhood friend after many years, and it was an unforgettable moment."	Joy
"Every achievement, no matter how small, deserves to be celebrated."	Joy
"The volunteers smiled while helping others, creating a joyful atmosphere."	Joy
A peaceful walk through the forest refreshed both my body and my mind.	Joy
"The audience laughed together, and the theater was full of positive energy."	Joy
Opening the acceptance letter made my heart race with excitement.	Joy
The successful experiment rewarded months of careful research and dedication.	Joy
"Children naturally express joy through curiosity, laughter, and playful exploration."	Joy
"The charity event raised more money than anyone expected, bringing hope to many families."	Joy
Sharing knowledge with eager students gives me lasting satisfaction.	Joy
The championship victory united the entire city in celebration.	Joy
Listening to my favorite song instantly improves my mood.	Joy
The garden looked so colorful that it felt like walking through a dream.	Joy
I am grateful for the people who encourage me every single day.	Joy
The team's creativity turned a simple idea into an outstanding success.	Joy
Happiness becomes even greater when it is shared with others.	Joy
Watching my daughter take her first steps filled my heart with pure joy.	Joy
The whole office applauded after the successful presentation ended.	Joy
I smiled all the way home because everything had gone perfectly today.	Joy
Our family reunion reminded me how fortunate I am to be surrounded by love.	Joy
The bright rainbow after the rain made everyone stop and admire the sky.	Joy
"My teacher praised my progress, and I felt more confident than ever."	Joy
"Completing the marathon was exhausting, but crossing the finish line felt amazing."	Joy
The laughter around the dinner table was louder than the music playing in the background.	Joy
A kind message from an old friend completely lifted my spirits.	Joy
Seeing my plants bloom after weeks of care made me genuinely happy.	Joy
The newborn baby's tiny fingers brought tears of happiness to everyone's eyes.	Joy
"We celebrated the successful launch of our product with smiles, gratitude, and excitement."	Joy
Positive feedback from customers motivated the entire team to work even harder.	Joy
The scholarship opened new opportunities and filled me with hope and gratitude.	Joy
Psychological well-being is often strengthened by positive relationships and meaningful experiences.	Joy
Research indicates that acts of generosity frequently increase personal happiness and life satisfaction.	Joy
"The community celebrated together, demonstrating how shared success strengthens social bonds."	Joy
Achieving a difficult objective after persistent effort produced a profound sense of accomplishment.	Joy
"Moments of authentic joy often arise from gratitude, kindness, and meaningful human connection."	Joy
The memory of that wonderful day still brings a smile to my face whenever I think about it.	Joy
I woke up feeling grateful for another beautiful day.	Joy
The children's laughter echoed through the park and made everyone smile.	Joy
My dream finally became reality after years of determination.	Joy
Receiving an unexpected compliment brightened my entire afternoon.	Joy
"The family celebrated together, creating memories that will last forever."	Joy
"Every success, no matter how small, deserves a moment of appreciation."	Joy
I couldn't stop smiling after hearing the wonderful announcement.	Joy
The concert ended with thousands of people singing happily together.	Joy
Helping someone achieve their goal gave me great personal satisfaction.	Joy
The warm welcome from my colleagues made me feel valued from the first day.	Joy
Our vacation exceeded every expectation and left us with unforgettable memories.	Joy
The successful outcome reinforced our confidence and strengthened team morale.	Joy
Scientific discoveries often inspire excitement because they expand human knowledge.	Joy
Meaningful friendships contribute significantly to emotional well-being and happiness.	Joy
"The award recognized years of dedication, perseverance, and professional excellence."	Joy
Sharing joyful experiences with loved ones creates stronger emotional connections.	Joy
The atmosphere was filled with optimism as everyone celebrated the remarkable achievement.	Joy
Academic success brought not only pride but also renewed motivation for future challenges.	Joy
Feeling appreciated for my efforts gave me a deep sense of fulfillment and purpose.	Joy
"True joy is often found in gratitude, meaningful relationships, personal growth, and the opportunity to make a positive difference in the lives of others."	Joy
I miss my old home every single day, and the silence makes everything feel empty.	Sadness
She sat alone by the window, quietly watching the rain fall for hours.	Sadness
Losing my best friend left a space in my heart that nothing can fill.	Sadness
I smiled on the outside, but deep inside I felt completely broken.	Sadness
The empty chair reminded us that he would never return.	Sadness
After the funeral, the house felt strangely quiet and cold.	Sadness
I wish I could go back and change what happened that day.	Sadness
Every goodbye becomes harder when you know it is the last one.	Sadness
He looked happy in public, yet he carried unbearable pain in private.	Sadness
The dream we worked so hard for disappeared in a single moment.	Sadness
Reading her final letter brought tears to my eyes once again.	Sadness
The old photographs reminded me of people who are no longer with us.	Sadness
Months passed, but the feeling of loss remained as strong as ever.	Sadness
She quietly accepted the disappointment without saying a single word.	Sadness
Psychological studies suggest that prolonged loneliness may negatively affect emotional well-being.	Sadness
The failure of the project deeply discouraged everyone who had invested time and effort.	Sadness
Grief is a natural emotional response to losing someone or something meaningful.	Sadness
Despite the support of friends, he struggled to overcome his overwhelming sadness.	Sadness
Sometimes the deepest pain comes from memories that were once our greatest source of happiness.	Sadness
Sadness does not always appear through tears; sometimes it hides behind silence, distance, and a fading smile.	Sadness
The room felt empty after everyone had gone home.	Sadness
I still wait for a message that I know will never arrive.	Sadness
Watching the old videos made me realize how much life has changed.	Sadness
The lonely walk home seemed longer than usual.	Sadness
She quietly put away the gifts because there was no one left to celebrate with.	Sadness
He tried to hide his tears, but the pain was impossible to conceal.	Sadness
The hospital hallway was filled with silence and anxious faces.	Sadness
I felt forgotten when nobody remembered my birthday.	Sadness
The abandoned house stood as a reminder of happier times.	Sadness
Every failed attempt made my confidence fade a little more.	Sadness
The final chapter of the novel left me with an unexpected feeling of loss.	Sadness
Saying goodbye at the airport was far more difficult than I had imagined.	Sadness
Her voice sounded calm, but her eyes revealed profound sorrow.	Sadness
Years of effort disappeared when the company suddenly closed.	Sadness
The separation affected every member of the family in different ways.	Sadness
Clinical research associates prolonged grief with significant emotional and physical challenges.	Sadness
The athlete accepted defeat with dignity, although the disappointment was clearly visible.	Sadness
Unfulfilled expectations often become a source of lasting sadness and regret.	Sadness
Some wounds heal physically, yet the emotional scars remain for many years.	Sadness
Sadness teaches us the value of love, reminding us that meaningful relationships leave lasting marks on the heart long after they are gone.	Sadness
The garden no longer felt alive after the flowers had withered.	Sadness
I packed my childhood memories into boxes before leaving my hometown.	Sadness
His smile disappeared the moment he received the heartbreaking news.	Sadness
The empty playground reminded us that summer had come to an end.	Sadness
She read the old letters again, hoping to feel close to him.	Sadness
No matter how busy I stay, I still feel the absence of those I love.	Sadness
The final whistle ended not only the match but also a lifelong dream.	Sadness
He walked away without looking back, leaving only silence behind.	Sadness
The broken picture frame was a painful reminder of happier days.	Sadness
Even surrounded by people, she felt completely alone.	Sadness
The rejection letter erased months of hope in just a few seconds.	Sadness
Their voices gradually faded until the house became completely silent.	Sadness
He struggled to accept that some opportunities never return.	Sadness
The documentary revealed the heartbreaking reality faced by many displaced families.	Sadness
Emotional loss can influence decision-making, motivation, and overall well-being.	Sadness
Researchers recognize bereavement as a complex process that affects individuals differently.	Sadness
Although time softened the pain, the cherished memories never disappeared.	Sadness
The weight of disappointment became heavier with every unanswered question.	Sadness
Some farewells remain unfinished because the heart is never ready to let go.	Sadness
True sadness is not measured by the number of tears we shed but by the quiet moments when hope feels distant and the world seems strangely empty.	Sadness
I never imagined that one phone call could change everything.	Sadness
The train left the station while she stood there with tears in her eyes.	Sadness
His favorite chair remained untouched after he was gone.	Sadness
I opened the photo album, and every picture brought back painful memories.	Sadness
The long winter evenings made the loneliness feel even deeper.	Sadness
She whispered goodbye, knowing they might never meet again.	Sadness
The empty classroom reminded the students of their beloved teacher.	Sadness
Despite all my efforts, I couldn't save what mattered most.	Sadness
The family struggled to smile during their first holiday without him.	Sadness
The old dog waited faithfully at the door for an owner who would never return.	Sadness
Each unanswered message increased my feeling of isolation.	Sadness
The failed experiment represented years of dedication that ended in disappointment.	Sadness
Many people experience sadness after losing an important part of their identity or purpose.	Sadness
The documentary captured the emotional consequences of war with remarkable honesty.	Sadness
Persistent sadness can reduce motivation, concentration, and social engagement.	Sadness
Although surrounded by support, she found it difficult to forgive herself.	Sadness
The closing of the family business marked the end of several generations of hard work.	Sadness
Some memories are too precious to forget and too painful to remember.	Sadness
His quiet acceptance of the loss revealed a sorrow deeper than words could express.	Sadness
Sadness often arrives without warning, gently changing the colors of ordinary life until even familiar places seem distant, silent, and filled with longing.	Sadness
The old clock kept ticking, but the house no longer felt like home.	Sadness
She watched everyone celebrate while quietly hiding her disappointment.	Sadness
The last page of his diary ended with words that broke my heart.	Sadness
After years of friendship, we became strangers without even saying goodbye.	Sadness
The empty hospital bed reminded us of everything we had lost.	Sadness
He carried the weight of regret long after the mistake had passed.	Sadness
The silence between them said more than any argument ever could.	Sadness
I smiled politely, although my heart felt incredibly heavy.	Sadness
Every familiar street reminded me of someone I could no longer meet.	Sadness
The broken promise slowly destroyed the trust we had built together.	Sadness
She placed the faded photograph back into the drawer with trembling hands.	Sadness
Missing an important opportunity left him filled with lasting regret.	Sadness
The community mourned together after the unexpected tragedy.	Sadness
Emotional suffering may persist even after external circumstances improve.	Sadness
Researchers have found that unresolved grief can influence both mental and physical health.	Sadness
The farewell ceremony marked the painful conclusion of a remarkable journey.	Sadness
His achievements meant little because he had no one left to share them with.	Sadness
Some losses cannot be replaced; they can only be accepted with time.	Sadness
The quiet sadness in her eyes revealed a story she never spoke about.	Sadness
Sadness reminds us how deeply we can love, because only what truly matters has the power to leave such a lasting emptiness when it is gone.	Sadness
SentimentText	EmotionLabel
The strange noise outside made me lock every door immediately.	Fear
My heart started racing when the lights suddenly went out.	Fear
I was afraid to answer the phone because I expected bad news.	Fear
Walking alone through the empty street at midnight felt terrifying.	Fear
The earthquake alarm caused everyone to panic and run outside.	Fear
Every unexpected sound made the frightened child hold his mother's hand tighter.	Fear
The pilot remained calm even as the passengers became increasingly anxious.	Fear
She hesitated before opening the mysterious package on her doorstep.	Fear
The warning message on my screen made me worry that I had lost all my files.	Fear
Dark clouds gathered quickly, making the hikers fear an approaching storm.	Fear
He could not sleep because he was worried about tomorrow's surgery.	Fear
The possibility of failure prevented many talented people from taking the first step.	Fear
The firefighter entered the burning building despite the obvious danger.	Fear
The unfamiliar footsteps behind me made me turn around in alarm.	Fear
Anxiety often increases when people face uncertainty without reliable information.	Fear
Psychological research describes fear as an adaptive response to perceived threats and potential harm.	Fear
Emergency evacuation procedures are designed to reduce fear and improve public safety during crises.	Fear
Although the medical test was routine, waiting for the results filled her with anxiety.	Fear
Sometimes the greatest fear is not what will happen but what might happen.	Fear
Fear sharpens our attention and prepares us to react quickly, but when it becomes overwhelming or persistent, it can limit judgment, confidence, and the willingness to move forward.	Fear
I froze when I heard someone trying to open the front door.	Fear
The sudden silence in the forest made us feel uneasy.	Fear
She avoided looking over the edge because heights terrified her.	Fear
Everyone held their breath as the bridge began to shake.	Fear
The doctor asked for more tests, and I immediately feared the worst.	Fear
A loud explosion echoed across the city, sending people into panic.	Fear
He kept checking the mirrors because he thought someone was following him.	Fear
The child's face turned pale after hearing the frightening story.	Fear
The emergency alert warned residents to seek shelter immediately.	Fear
My hands were shaking before I had to speak in front of the large audience.	Fear
The uncertainty of losing my job kept me awake for several nights.	Fear
Seeing smoke rise from the building made everyone fear that people were trapped inside.	Fear
The unexpected movement in the shadows made my heart skip a beat.	Fear
The possibility of another accident made the workers extremely cautious.	Fear
Fear can influence perception, causing ordinary situations to appear more threatening than they actually are.	Fear
Neuroscientific studies indicate that the brain rapidly evaluates potential threats before conscious reasoning occurs.	Fear
The rescue team acted professionally despite the dangerous conditions surrounding them.	Fear
Waiting for the final diagnosis was more frightening than the examination itself.	Fear
Fear becomes especially powerful when people feel they have lost control over the situation.	Fear
Although fear is essential for survival, learning to manage it effectively allows people to make rational decisions instead of reacting solely through panic.	Fear
The barking dogs outside made me afraid to leave the house.	Fear
I felt nervous when the airplane entered heavy turbulence.	Fear
Nobody knew what was hiding behind the closed door.	Fear
The sudden power outage left the entire neighborhood feeling vulnerable.	Fear
She clutched her flashlight as she walked through the dark tunnel.	Fear
The loud thunder frightened the children, who ran to their parents.	Fear
He worried that one careless mistake could ruin everything he had built.	Fear
The strange message on my phone made me suspect that something was terribly wrong.	Fear
Every second of waiting for the rescue team felt like an eternity.	Fear
The icy road conditions made every driver proceed with extreme caution.	Fear
The possibility of another virus outbreak concerned health officials worldwide.	Fear
Standing on the edge of the cliff filled me with overwhelming dread.	Fear
The security alarm suddenly activated, causing immediate panic throughout the building.	Fear
She feared disappointing everyone who had believed in her abilities.	Fear
Behavioral scientists recognize fear as a fundamental emotion that promotes survival by encouraging avoidance of danger.	Fear
Individuals experiencing chronic fear may develop heightened vigilance and difficulty concentrating on routine tasks.	Fear
The military exercise simulated real battlefield conditions to prepare soldiers for high-risk situations.	Fear
Despite extensive preparation, the uncertainty of the mission continued to trouble the entire crew.	Fear
Fear often grows when uncertainty replaces knowledge and imagination fills the gaps with worst-case scenarios.	Fear
The ability to acknowledge fear, evaluate risks objectively, and respond with thoughtful action is a defining characteristic of emotional resilience and effective decision-making.	Fear
The sound of breaking glass downstairs made me stop breathing for a moment.	Fear
I was afraid to open the email because it might contain bad news.	Fear
The abandoned building gave everyone an uneasy feeling.	Fear
She stepped back when the aggressive dog started barking loudly.	Fear
The mountain trail became dangerous as thick fog covered the path.	Fear
Every unfamiliar noise during the night made it difficult to relax.	Fear
He feared that one wrong decision could cost many people their lives.	Fear
The captain warned the passengers to remain calm during the emergency landing.	Fear
My pulse quickened when I realized I had lost sight of my child in the crowd.	Fear
The possibility of identity theft made her reluctant to share personal information online.	Fear
The approaching wildfire forced hundreds of families to evacuate immediately.	Fear
Nobody spoke while waiting for the final verdict in the courtroom.	Fear
The deep water made the inexperienced swimmer hesitate before jumping in.	Fear
She worried that the operation might not have the outcome everyone hoped for.	Fear
Fear frequently triggers physiological responses such as increased heart rate, rapid breathing, and heightened alertness.	Fear
Public health authorities carefully communicate risks to reduce unnecessary fear during disease outbreaks.	Fear
The investigation uncovered serious security weaknesses that raised concerns about future attacks.	Fear
Even experienced climbers respected the unpredictable power of the approaching avalanche.	Fear
Fear is often intensified by uncertainty, limited information, and the anticipation of possible harm rather than immediate danger itself.	Fear
People who learn to recognize fear without allowing it to dominate their thinking are generally better equipped to respond calmly, evaluate risks accurately, and make effective decisions under pressure.	Fear
The siren echoed through the streets, and everyone searched for a safe place.	Fear
I hesitated to answer the unexpected knock at the door late at night.	Fear
The child hid behind his father after seeing the large animal.	Fear
The bridge swayed in the strong wind, making everyone nervous.	Fear
She feared that she had forgotten something important before the exam.	Fear
The pilot announced severe weather ahead, and the cabin became completely silent.	Fear
Every warning sign suggested that entering the abandoned mine was extremely dangerous.	Fear
He kept replaying the conversation, afraid he had said the wrong thing.	Fear
The unfamiliar diagnosis left the family frightened about the future.	Fear
My legs felt weak as I stood at the edge of the steep cliff.	Fear
The approaching footsteps grew louder, increasing the tension with every second.	Fear
Cybersecurity experts warned that the attack could compromise sensitive information.	Fear
The laboratory was evacuated after the accidental release of hazardous chemicals.	Fear
Fear of rejection prevented her from expressing her true feelings for many years.	Fear
Risk perception varies among individuals, often influencing their behavioral responses to uncertainty.	Fear
Evolutionary psychology considers fear an adaptive mechanism that increases the probability of survival in dangerous environments.	Fear
Even highly trained professionals experience fear, but they rely on preparation and discipline to perform effectively.	Fear
The uncertainty surrounding the economic crisis created widespread anxiety among investors and consumers.	Fear
Fear can spread rapidly through a group when people observe others reacting with panic, even before they fully understand the actual threat.	Fear
Although fear is an unavoidable part of life, developing resilience, critical thinking, and confidence enables individuals to face uncertainty with greater composure and make sound decisions under stressful conditions.	Fear
I know I can always count on my parents when life becomes difficult.	Trust
She kept her promise, and that strengthened my trust in her.	Trust
My best friend has never given me a reason to doubt his honesty.	Trust
The child held his mother's hand because he felt completely safe.	Trust
Our neighbors looked after our house while we were away.	Trust
I shared my secret because I knew she would never betray me.	Trust
The doctor explained every step clearly, helping me feel calm and confident.	Trust
Years of honesty built a relationship that nothing could easily break.	Trust
The experienced guide earned everyone's confidence during the challenging hike.	Trust
Reliable teammates make difficult projects much easier to complete.	Trust
Customers remain loyal when a company consistently delivers on its promises.	Trust
A trustworthy leader accepts responsibility instead of blaming others for mistakes.	Trust
Open communication is essential for building strong personal and professional relationships.	Trust
Mutual respect creates an environment where people feel secure sharing their ideas.	Trust
Trust develops gradually through consistent actions rather than impressive words.	Trust
Psychological research identifies trust as a fundamental component of healthy interpersonal relationships.	Trust
Organizations with high levels of trust often demonstrate stronger collaboration and greater productivity.	Trust
Confidence in scientific evidence grows when research methods are transparent and reproducible.	Trust
People are more willing to cooperate when they believe others will act fairly and honestly.	Trust
Trust is built through integrity, reliability, empathy, and consistent behavior, allowing individuals and communities to cooperate effectively even during uncertainty and adversity.	Trust
I trusted him because he always told me the truth.	Trust
She returned the lost wallet without taking anything from it.	Trust
The rescue team worked together because they trusted one another completely.	Trust
My teacher believed in my abilities even when I doubted myself.	Trust
The young boy felt safe sleeping while his father watched over him.	Trust
Their friendship survived many challenges because it was built on honesty.	Trust
Everyone followed the captain's instructions without hesitation.	Trust
The bank earned its customers' confidence through years of dependable service.	Trust
I feel comfortable discussing my concerns with my manager because she listens carefully.	Trust
He admitted his mistake immediately, which made people respect him even more.	Trust
Trust encourages people to share knowledge without fear of being judged.	Trust
The nurse's calm voice reassured the patient before the operation.	Trust
Long-term partnerships depend on credibility, transparency, and mutual commitment.	Trust
The scientist published all of the data so others could verify the findings.	Trust
Communities become stronger when citizens trust public institutions and one another.	Trust
Research suggests that trust reduces conflict and improves cooperation within groups.	Trust
Ethical leadership inspires confidence by demonstrating fairness, accountability, and consistency.	Trust
Investors are more confident when financial reporting is accurate and transparent.	Trust
Even during difficult times, genuine trust provides emotional security and strengthens relationships.	Trust
Trust is not created by a single promise but by countless moments of honesty, responsibility, and dependable actions that consistently prove someone deserves our confidence.	Trust
I feel safe knowing that my family will always support me.	Trust
She trusted her instincts because they had guided her well before.	Trust
The firefighter calmly assured everyone that they would be rescued.	Trust
Our coach believed in us even after we lost several matches.	Trust
I handed him the keys because I knew he was responsible.	Trust
The child smiled peacefully while holding her grandmother's hand.	Trust
Good friends protect your confidence instead of sharing your secrets.	Trust
The company's reputation was built through decades of honest business practices.	Trust
Everyone accepted her decision because she had earned their respect over many years.	Trust
He remained loyal to his team during both success and failure.	Trust
Patients recover more confidently when they trust their healthcare providers.	Trust
Reliable communication strengthens cooperation between international organizations.	Trust
Trust reduces uncertainty and encourages people to collaborate toward shared goals.	Trust
Scientific conclusions become more credible when independent researchers obtain similar results.	Trust
The judge earned public confidence by applying the law fairly and without bias.	Trust
Children develop emotional security when caregivers respond with consistency and compassion.	Trust
Strong institutions depend on accountability, transparency, and public trust.	Trust
When people trust each other, they are more willing to solve difficult problems together.	Trust
Confidence grows naturally when promises are fulfilled, actions remain consistent, and intentions are sincere.	Trust
Trust is a valuable foundation for every lasting relationship because it transforms uncertainty into confidence, strengthens cooperation, and allows people to face challenges together with honesty and mutual respect.	Trust
I would trust her with my most important responsibilities.	Trust
The mechanic explained the problem honestly instead of suggesting unnecessary repairs.	Trust
My brother has always been there whenever I needed help.	Trust
The little girl crossed the street confidently while holding her father's hand.	Trust
The team succeeded because everyone relied on one another.	Trust
She protected my confidence, proving that our friendship was genuine.	Trust
The pilot's calm announcements reassured the passengers throughout the flight.	Trust
After years of fair decisions, the manager earned everyone's respect.	Trust
The organization gained public confidence through openness and ethical leadership.	Trust
His actions consistently matched his words, making him highly trustworthy.	Trust
People are more likely to cooperate when they believe others have good intentions.	Trust
The witness spoke honestly despite facing considerable pressure.	Trust
Mutual trust allows teams to solve complex problems more efficiently.	Trust
Transparent communication strengthens confidence between governments, businesses, and citizens.	Trust
Researchers increase scientific credibility by sharing methods and allowing independent verification.	Trust
Trust promotes psychological safety, encouraging individuals to express ideas without fear of ridicule.	Trust
Long-term business relationships depend on reliability, integrity, and consistent performance.	Trust
When leaders admit mistakes openly, they often strengthen rather than weaken public confidence.	Trust
A trustworthy person remains honest even when dishonesty would be easier or more profitable.	Trust
Trust grows slowly through repeated acts of honesty, fairness, competence, and reliability, becoming the invisible foundation that enables strong relationships, effective teamwork, and resilient communities.	Trust
I knew she would always stand by me, no matter what happened.	Trust
The experienced surgeon inspired confidence before the operation even began.	Trust
My grandparents taught me that honesty is the foundation of trust.	Trust
The police officer calmly guided everyone to safety during the emergency.	Trust
She fulfilled every commitment she made over the years.	Trust
The customer returned because the business had never disappointed him.	Trust
I left my belongings with my friend without any hesitation.	Trust
The volunteers earned the community's respect through their selfless service.	Trust
The mentor encouraged me to believe in my own abilities.	Trust
Trust between colleagues made the demanding project much easier to complete.	Trust
Reliable systems increase user confidence by producing consistent and predictable results.	Trust
Successful negotiations require openness, credibility, and mutual respect between both parties.	Trust
The charity published detailed financial reports to maintain public confidence.	Trust
A transparent judicial system strengthens citizens' trust in the rule of law.	Trust
Children are more willing to explore the world when they feel emotionally secure.	Trust
Evidence-based decisions increase confidence in both scientific and medical communities.	Trust
The company's long history of ethical conduct earned widespread public trust.	Trust
Confidence flourishes when people consistently demonstrate honesty, competence, and accountability.	Trust
Even after facing adversity together, their trust remained stronger than ever because it had been built on years of loyalty and unwavering support.	Trust
Trust is strengthened through countless everyday actions—keeping promises, telling the truth, accepting responsibility, and treating others with fairness—creating relationships that endure uncertainty, conflict, and the passage of time.	Trust
The rotten smell coming from the refrigerator made me step back immediately.	Disgust
I could not eat the food after seeing insects crawling on it.	Disgust
The dirty bathroom was so filthy that I refused to enter.	Disgust
He lied without any shame, and I felt disgusted by his behavior.	Disgust
The spoiled milk had such a terrible odor that everyone covered their noses.	Disgust
Watching people throw trash into the river made me feel sick.	Disgust
The mold growing on the old bread made it completely inedible.	Disgust
She turned away after seeing the pile of rotting garbage.	Disgust
The unhygienic conditions in the kitchen ruined my appetite.	Disgust
The fake product was made from poor-quality materials and smelled awful.	Disgust
His cruel treatment of animals filled everyone with disgust.	Disgust
The contaminated water posed a serious health risk to the local community.	Disgust
Finding a dead insect inside my drink completely spoiled the meal.	Disgust
The room had not been cleaned for months, creating an unbearable environment.	Disgust
Disgust serves as a biological mechanism that helps people avoid potential sources of disease.	Disgust
Psychological research indicates that moral disgust can arise from dishonesty, betrayal, or exploitation.	Disgust
The laboratory sample had become contaminated and had to be discarded immediately.	Disgust
The unethical experiment was widely condemned because it violated fundamental moral principles.	Disgust
People often experience disgust not only in response to physical contamination but also when witnessing deeply immoral or deceptive behavior.	Disgust
Disgust is an adaptive emotion that protects both physical health and moral values by motivating people to avoid contamination, reject harmful actions, and distance themselves from situations perceived as offensive or corrupt.	Disgust
The sink was full of dirty dishes covered with old food.	Disgust
I almost vomited when I smelled the spoiled meat.	Disgust
The floor was sticky, greasy, and covered with garbage.	Disgust
She refused to drink from the dirty glass.	Disgust
The public restroom was so disgusting that I walked away immediately.	Disgust
He cheated innocent people without feeling any guilt, and everyone was disgusted by his actions.	Disgust
Seeing rats run across the restaurant floor ruined everyone's appetite.	Disgust
The unpleasant odor from the overflowing trash bin spread through the entire building.	Disgust
The doctor warned that contaminated food could cause serious illness.	Disgust
The sight of rotten fruit covered with mold made me lose my appetite instantly.	Disgust
The company's fraudulent practices damaged its reputation and disgusted loyal customers.	Disgust
Many people experience moral disgust when they witness corruption or deliberate cruelty.	Disgust
The polluted river was filled with plastic waste and dead fish.	Disgust
The neglected laboratory equipment no longer met basic hygiene standards.	Disgust
Disgust encourages avoidance behaviors that reduce exposure to harmful substances and infectious diseases.	Disgust
Behavioral scientists distinguish between physical disgust and moral disgust because they arise from different types of violations.	Disgust
The discovery of toxic chemicals in the drinking water alarmed both residents and health authorities.	Disgust
His complete lack of empathy toward vulnerable people was deeply disturbing and morally repulsive.	Disgust
Whether triggered by contamination, decay, or unethical conduct, disgust motivates individuals to distance themselves from perceived threats to health or moral integrity.	Disgust
Although disgust is often associated with unpleasant sights and smells, it also shapes ethical judgment by prompting strong rejection of actions considered cruel, dishonest, or fundamentally unacceptable.	Disgust
The rotten eggs smelled so bad that everyone left the kitchen.	Disgust
I immediately threw the sandwich away after finding mold on it.	Disgust
The overflowing garbage attracted insects and produced a horrible smell.	Disgust
She refused to touch the dirty towel lying on the bathroom floor.	Disgust
The abandoned refrigerator contained spoiled food that made me feel sick.	Disgust
His dishonest behavior during the charity event disgusted the entire community.	Disgust
The restaurant was closed after inspectors discovered serious hygiene violations.	Disgust
The polluted beach was covered with plastic waste and dead sea animals.	Disgust
Finding hair in my soup completely ruined my appetite.	Disgust
The foul odor from the drain became unbearable after the heavy rain.	Disgust
The scientist rejected the contaminated samples because they could not produce reliable results.	Disgust
The documentary exposed shocking acts of corruption that disgusted the public.	Disgust
Improper waste disposal increases the risk of environmental contamination and disease transmission.	Disgust
Many people experience intense disgust when basic standards of cleanliness are ignored.	Disgust
Researchers believe that disgust evolved as a defense mechanism against infection and contamination.	Disgust
Cruel treatment of vulnerable individuals often provokes moral disgust rather than physical discomfort.	Disgust
The abandoned factory contained hazardous chemicals and unsafe working conditions.	Disgust
The fraudulent scheme exploited elderly people, leaving many observers morally outraged and disgusted.	Disgust
Disgust influences both personal behavior and social norms by encouraging people to avoid contamination, reject unethical conduct, and maintain standards of health and integrity.	Disgust
Although disgust is unpleasant, it serves an important biological and psychological function by protecting individuals from harmful substances, infectious environments, and behaviors that violate deeply held moral values.	Disgust
The smell of rotten fish made the entire market unbearable.	Disgust
I could not believe anyone would leave spoiled food on the kitchen counter for weeks.	Disgust
The dirty mattress was covered with stains and insects.	Disgust
She immediately washed her hands after touching the slimy surface.	Disgust
The neglected bathroom emitted an odor that made everyone step outside.	Disgust
The sight of maggots in the trash can turned my stomach.	Disgust
The food looked fresh at first, but the strange smell revealed that it had gone bad.	Disgust
His selfish decision to steal from the elderly disgusted everyone in the room.	Disgust
The polluted lake was filled with floating waste and oily residue.	Disgust
The restaurant received numerous complaints because of its unsanitary conditions.	Disgust
Medical staff disposed of the contaminated materials according to strict safety regulations.	Disgust
The report uncovered widespread corruption that deeply disgusted the public.	Disgust
Food contaminated by harmful bacteria can cause severe gastrointestinal illness.	Disgust
People naturally avoid environments associated with decay, disease, and poor sanitation.	Disgust
Moral disgust is commonly triggered by acts involving exploitation, deception, or abuse of power.	Disgust
Environmental pollution frequently evokes disgust because it threatens both ecosystems and public health.	Disgust
The neglected animal shelter shocked inspectors with its filthy and inhumane conditions.	Disgust
The discovery of counterfeit medicine created widespread disgust and outrage among healthcare professionals.	Disgust
Disgust promotes avoidance of contaminated environments while reinforcing social expectations regarding cleanliness, honesty, and responsible behavior.	Disgust
Although disgust is commonly associated with unpleasant sensory experiences, it also functions as a moral emotion that discourages harmful behavior, strengthens ethical standards, and protects both individual well-being and public health.	Disgust
The spoiled vegetables were covered with thick black mold.	Disgust
I lost my appetite after seeing the filthy cooking utensils.	Disgust
The foul smell from the garbage truck spread across the entire street.	Disgust
She refused to swim because the water was full of waste.	Disgust
The abandoned warehouse was infested with rats and cockroaches.	Disgust
His heartless comments about the victims disgusted everyone present.	Disgust
The butcher's table had clearly not been cleaned properly.	Disgust
The bathroom sink was clogged with dirty water and hair.	Disgust
Finding a worm inside the fruit made me throw it away immediately.	Disgust
The toxic fumes from the factory created an unbearable environment for nearby residents.	Disgust
The inspection revealed serious violations of food safety regulations.	Disgust
The company's deliberate attempt to hide the contamination scandal disgusted consumers.	Disgust
Healthcare workers follow strict hygiene protocols to prevent contamination and infection.	Disgust
Many cultures associate disgust with behaviors that threaten health or social order.	Disgust
Scientists study disgust to better understand disease avoidance and moral decision-making.	Disgust
The illegal dumping of hazardous waste provoked widespread public disgust.	Disgust
The documentary exposed disturbing examples of human exploitation and environmental destruction.	Disgust
People instinctively distance themselves from objects, places, or behaviors they perceive as contaminated or morally corrupt.	Disgust
Disgust influences both biological survival and ethical judgment by encouraging avoidance of harmful substances while condemning actions that violate deeply held social values.	Disgust
Although feelings of disgust can vary across cultures, they consistently serve as a protective mechanism that discourages contact with contamination, disease, and profoundly unethical behavior.	Disgust
I couldn't believe my eyes when I saw the snow in the middle of spring.	Surprise
The lights suddenly turned on, and everyone shouted, "Happy Birthday!"	Surprise
She opened the envelope and gasped in disbelief.	Surprise
The magician's final trick amazed the entire audience.	Surprise
I never expected to meet my childhood friend at the airport.	Surprise
The little boy's face lit up when the puppy ran toward him.	Surprise
The unexpected phone call completely changed my plans for the day.	Surprise
Everyone fell silent after hearing the shocking announcement.	Surprise
The hidden waterfall appeared suddenly as we walked through the forest.	Surprise
My package arrived three days earlier than expected.	Surprise
The experiment produced results that none of the researchers had predicted.	Surprise
The athlete broke the world record, astonishing both the audience and the commentators.	Surprise
The unexpected discovery completely changed the direction of the scientific study.	Surprise
Psychologists describe surprise as a brief emotional response to unexpected events or information.	Surprise
Unexpected outcomes often force people to reconsider their assumptions and adapt quickly.	Surprise
The archaeological team uncovered an ancient city beneath the desert sands.	Surprise
The software update introduced several innovative features that users had not anticipated.	Surprise
Everyone was astonished when the quiet student delivered an outstanding presentation.	Surprise
Surprise captures attention immediately, interrupting ongoing thoughts and encouraging people to rapidly evaluate unfamiliar situations.	Surprise
Although surprise is usually brief, it plays an essential role in learning by directing attention toward unexpected events, updating existing knowledge, and preparing the mind to adapt to new information.	Surprise
The door opened, and my brother walked in without telling anyone he was coming.	Surprise
I looked outside and saw a rainbow stretching across the entire sky.	Surprise
The teacher announced that today's exam had been canceled.	Surprise
She smiled in amazement after finding the missing necklace in her pocket.	Surprise
The quiet room suddenly filled with applause.	Surprise
Nobody expected the small startup to outperform the largest companies.	Surprise
The child laughed with delight after opening the mysterious gift box.	Surprise
A dolphin suddenly appeared beside our boat, leaving everyone speechless.	Surprise
The final plot twist completely changed my understanding of the story.	Surprise
I was shocked to discover that I had won the photography competition.	Surprise
The telescope revealed an astronomical phenomenon that researchers had never observed before.	Surprise
The CEO unexpectedly announced his retirement during the annual meeting.	Surprise
The rescue team found the missing hikers alive after several difficult days.	Surprise
Unexpected findings frequently encourage scientists to develop new hypotheses and conduct further investigations.	Surprise
Surprise temporarily interrupts ongoing cognitive processes, allowing rapid attention to novel information.	Surprise
The engineer discovered a simple solution that everyone else had overlooked.	Surprise
The audience erupted with excitement when the famous singer appeared unexpectedly on stage.	Surprise
Even experienced investigators were astonished by the evidence uncovered during the final stage of the investigation.	Surprise
Surprise often marks the beginning of curiosity, motivating people to explore, question, and better understand events that differ from their expectations.	Surprise
Whether pleasant or unsettling, surprise expands our awareness by challenging assumptions, encouraging flexible thinking, and reminding us that reality can change in ways we never imagined.	Surprise
I turned the corner and unexpectedly saw my old teacher smiling at me.	Surprise
The winning numbers on the ticket matched mine exactly.	Surprise
Everyone froze when the lights came back on by themselves.	Surprise
She opened the door and found a room filled with balloons and friends.	Surprise
The small seed grew into a beautiful tree much faster than anyone expected.	Surprise
The museum displayed an original painting that experts believed had been lost forever.	Surprise
I never imagined that my simple idea would receive international recognition.	Surprise
The phone rang, and the caller announced that I had received the scholarship.	Surprise
The sudden change in weather transformed a sunny afternoon into a snowy landscape.	Surprise
The youngest player scored the winning goal in the final seconds of the match.	Surprise
Researchers unexpectedly detected signs of water beneath the planet's frozen surface.	Surprise
The courtroom became silent after the witness revealed unexpected evidence.	Surprise
The artificial intelligence system solved the complex problem in only a few seconds.	Surprise
An unexpected breakthrough completely transformed the direction of the medical study.	Surprise
Cognitive scientists suggest that surprise helps the brain update its internal models when reality differs from expectation.	Surprise
The company's innovative design exceeded customer expectations and attracted worldwide attention.	Surprise
The rescue helicopter appeared just as the stranded hikers were beginning to lose hope.	Surprise
Even the experienced professor admitted that the experimental results were genuinely unexpected.	Surprise
Surprise frequently acts as a gateway to learning because unexpected events encourage deeper observation, curiosity, and critical thinking.	Surprise
A truly surprising moment interrupts routine thinking, captures immediate attention, and creates a lasting memory that often changes the way people understand future events and experiences.	Surprise
I opened my email and found an acceptance letter I wasn't expecting.	Surprise
The birthday cake appeared just as I thought everyone had forgotten.	Surprise
A deer suddenly crossed the road in front of our car.	Surprise
The forgotten watch was exactly where I had already looked three times.	Surprise
She looked completely surprised when her name was announced as the winner.	Surprise
The old photograph revealed a family member nobody had ever mentioned before.	Surprise
The power returned the exact moment we lit the candles.	Surprise
The child screamed with excitement when the giant balloons filled the room.	Surprise
The quiet village suddenly became famous after an unexpected archaeological discovery.	Surprise
I never thought my article would be published in an international journal.	Surprise
The spacecraft transmitted images that challenged several long-standing scientific assumptions.	Surprise
The investigation uncovered evidence that completely changed the original conclusion.	Surprise
The unexpected merger surprised both employees and financial analysts.	Surprise
Behavioral research suggests that surprising events capture attention more effectively than predictable ones.	Surprise
Unexpected observations often lead researchers to revise existing theories and develop new explanations.	Surprise
The audience gasped when the stage floor suddenly opened during the performance.	Surprise
Even the most experienced engineers were astonished by the prototype's exceptional performance.	Surprise
The discovery of a rare species in the protected forest surprised biologists around the world.	Surprise
Surprise briefly interrupts normal thinking, allowing the brain to rapidly process information that conflicts with previous expectations and beliefs.	Surprise
Whether pleasant, astonishing, or unexpected, surprise encourages curiosity, enhances learning, and helps people adapt by recognizing that reality does not always follow predictable patterns.	Surprise
The envelope contained news that none of us had expected.	Surprise
I looked out the window and saw the streets covered in snow overnight.	Surprise
The quiet student suddenly delivered the funniest speech of the evening.	Surprise
Everyone stared in amazement as the old clock started working again.	Surprise
The lost ring appeared inside a jacket pocket months later.	Surprise
I was completely surprised when my childhood friend recognized me after twenty years.	Surprise
The unexpected visitor arrived just before dinner and made the evening unforgettable.	Surprise
The final puzzle piece revealed a picture none of us had imagined.	Surprise
The tiny startup received a billion-dollar investment overnight.	Surprise
The emergency landing ended safely, surprising everyone on board.	Surprise
Scientists unexpectedly observed a rare cosmic event that occurs only once in several centuries.	Surprise
The audit uncovered financial records that contradicted every previous assumption.	Surprise
The new algorithm solved a computational problem previously considered impractical.	Surprise
Experimental evidence occasionally produces surprising outcomes that challenge accepted scientific models.	Surprise
The medical treatment achieved results that exceeded even the specialists' expectations.	Surprise
The audience was astonished when the performer completed the impossible illusion without any visible assistance.	Surprise
The archaeological excavation revealed an ancient structure hidden beneath the modern city.	Surprise
Even experienced economists were surprised by the market's rapid recovery after the crisis.	Surprise
Surprise encourages the brain to pause, reassess existing beliefs, and integrate new information that does not fit previous expectations.	Surprise
Although surprise lasts only a short time, it plays a crucial cognitive role by directing attention toward unexpected events, stimulating curiosity, and helping people update their understanding of an ever-changing world.	Surprise
I can't wait to see my family again next week.	Anticipation
The children counted the days until the school trip.	Anticipation
She eagerly watched the clock as the interview time approached.	Anticipation
We are all excited about tomorrow's celebration.	Anticipation
He packed his suitcase days before the vacation began.	Anticipation
The audience waited impatiently for the concert to start.	Anticipation
I kept checking my phone because I was expecting an important message.	Anticipation
Everyone looked forward to the opening of the new library.	Anticipation
The athletes trained every day in preparation for the championship.	Anticipation
She smiled while imagining what her future might look like.	Anticipation
The company carefully prepared for the launch of its newest product.	Anticipation
Researchers eagerly awaited the results of the long-term clinical trial.	Anticipation
The approaching graduation ceremony motivated the students to work even harder.	Anticipation
Investors closely monitored the upcoming economic report before making major decisions.	Anticipation
Psychologists describe anticipation as an emotional state directed toward future events and expected outcomes.	Anticipation
Careful planning often reduces uncertainty while increasing confidence about future opportunities.	Anticipation
The engineering team spent months preparing for the satellite launch scheduled next week.	Anticipation
The possibility of discovering a new treatment filled the medical researchers with cautious optimism.	Anticipation
Anticipation combines hope, curiosity, and preparation, encouraging people to imagine future possibilities while organizing their actions to achieve the best possible outcome.	Anticipation
Whether awaiting joyful news, an important opportunity, or a significant life event, anticipation motivates planning, sustained effort, and forward-looking thinking, transforming uncertainty into purposeful expectation.	Anticipation
Every morning brings me one day closer to achieving my dream.	Anticipation
She refreshed the tracking page several times, waiting for her package to arrive.	Anticipation
The family decorated the house before the holiday guests arrived.	Anticipation
I was looking forward to hearing the results of the competition.	Anticipation
The countdown on the screen made everyone even more excited.	Anticipation
He carefully reviewed his notes before tomorrow's important presentation.	Anticipation
The children stood by the window waiting for the first snowflakes.	Anticipation
She imagined the moment she would finally hold her newborn baby.	Anticipation
The team eagerly awaited the referee's final decision.	Anticipation
Months of preparation made the opening ceremony feel even more meaningful.	Anticipation
Scientists waited with great interest for data from the deep-space telescope.	Anticipation
The company postponed its announcement, increasing public anticipation.	Anticipation
Patients hoped that the new treatment would receive regulatory approval soon.	Anticipation
The approaching deadline encouraged everyone to focus on completing the project.	Anticipation
Anticipation often increases motivation because expected rewards influence present behavior.	Anticipation
Economic analysts closely watched the central bank's upcoming policy announcement.	Anticipation
The research team expected that the final experiment would confirm their hypothesis.	Anticipation
Waiting for an important opportunity can create a mixture of excitement, curiosity, and nervous expectation.	Anticipation
Anticipation encourages people to prepare mentally and practically for future events, allowing them to respond more effectively when opportunities or challenges finally arrive.	Anticipation
Although the future remains uncertain, anticipation inspires hope, careful planning, and sustained effort by focusing attention on possibilities that have not yet become reality.	Anticipation
I marked the interview date on my calendar weeks in advance.	Anticipation
The students eagerly waited for the exam results to be published.	Anticipation
Every passing minute made the surprise party feel closer.	Anticipation
She smiled as she imagined walking across the graduation stage.	Anticipation
The travelers arrived at the airport early because they were excited about the journey.	Anticipation
He checked the weather forecast every day before the hiking trip.	Anticipation
The audience quietly waited for the curtain to rise.	Anticipation
I kept thinking about tomorrow's meeting and the opportunities it might bring.	Anticipation
The children could hardly sleep because Christmas morning was almost here.	Anticipation
The startup team eagerly counted down to the official product launch.	Anticipation
The scientists prepared their instruments before the rare solar eclipse began.	Anticipation
Investors anticipated significant market volatility following the government's announcement.	Anticipation
The medical team carefully organized every detail before the complex surgery.	Anticipation
Researchers expected the newly collected data to provide valuable insights into the disease.	Anticipation
Anticipation activates cognitive processes related to planning, motivation, and future-oriented decision-making.	Anticipation
The approaching conference inspired professionals to refine their presentations and research findings.	Anticipation
Months of preparation created enormous anticipation for the international robotics competition.	Anticipation
Looking forward to meaningful goals often increases persistence, optimism, and personal commitment despite temporary setbacks.	Anticipation
Anticipation encourages individuals to allocate resources, manage uncertainty, and prepare strategically for events that are expected to influence future outcomes.	Anticipation
Whether awaiting success, important news, or a life-changing opportunity, anticipation transforms the unknown into a source of motivation, encouraging thoughtful preparation, resilience, and hopeful expectation.	Anticipation
I am counting the days until my best friend comes home.	Anticipation
The smell of fresh paint made us excited to move into our new house.	Anticipation
She checked her email every hour, hoping for good news.	Anticipation
The children lined up early because they could not wait to enter the amusement park.	Anticipation
We planned every detail before our long-awaited vacation.	Anticipation
He rehearsed his speech repeatedly before the award ceremony.	Anticipation
Everyone eagerly watched the countdown before the rocket launch.	Anticipation
I imagined how happy my parents would be when they heard the news.	Anticipation
The approaching weekend gave me something pleasant to look forward to.	Anticipation
She carefully wrapped the gift, excited to see her sister's reaction.	Anticipation
The engineering team completed the final safety inspections before activating the new system.	Anticipation
Scientists patiently awaited confirmation of the experimental measurements.	Anticipation
Financial markets anticipated the release of the quarterly earnings report.	Anticipation
The medical staff prepared extensively for the arrival of emergency patients.	Anticipation
Anticipation encourages individuals to evaluate possible outcomes before taking action.	Anticipation
The approaching deadline increased everyone's focus and determination to finish the project successfully.	Anticipation
Researchers looked forward to presenting their findings at the international conference.	Anticipation
The expectation of meaningful progress inspired the entire team to remain committed despite the challenges.	Anticipation
Anticipation bridges the present and the future by encouraging preparation, maintaining motivation, and helping people remain focused on goals that have not yet been achieved.	Anticipation
Although the outcome cannot be guaranteed, anticipation fuels perseverance by transforming uncertainty into curiosity, careful planning, and optimistic expectation for what lies ahead.	Anticipation
I have been dreaming about this day for many years.	Anticipation
The family eagerly prepared the house before the guests arrived.	Anticipation
I kept looking at the clock because the meeting was about to begin.	Anticipation
She smiled while waiting to open her graduation results.	Anticipation
The children waited excitedly for the fireworks to begin.	Anticipation
He practiced every evening before the music competition.	Anticipation
The passengers gathered near the gate before boarding the plane.	Anticipation
Everyone hoped the rain would stop before the outdoor wedding.	Anticipation
I was eager to hear what the manager would announce.	Anticipation
The baker woke up early to prepare for the busy holiday season.	Anticipation
The research team reviewed every detail before publishing the final report.	Anticipation
Investors remained attentive as they awaited the central bank's policy decision.	Anticipation
The astronauts completed their final preparations before the historic mission.	Anticipation
Doctors monitored the patient's condition while expecting the treatment to take effect.	Anticipation
Anticipation influences attention by directing mental resources toward expected future events.	Anticipation
Careful preparation often transforms anticipation into confident and effective performance.	Anticipation
The approaching product release generated considerable anticipation among customers and industry analysts.	Anticipation
Expecting meaningful progress encouraged the researchers to continue despite repeated setbacks.	Anticipation
Anticipation helps individuals remain focused on future objectives by combining optimism, preparation, and sustained motivation throughout the waiting period.	Anticipation
Whether preparing for a celebration, a scientific breakthrough, or a personal milestone, anticipation inspires thoughtful planning, emotional investment, and persistent effort long before the expected event becomes reality.	Anticipation
The office opens at 8:30 every weekday.	Neutral
She saved the document before turning off the computer.	Neutral
The bus arrived five minutes later than scheduled.	Neutral
We discussed the project during the afternoon meeting.	Neutral
The library remains open until nine o'clock in the evening.	Neutral
He organized the files into separate folders.	Neutral
The printer requires a new toner cartridge.	Neutral
Students submitted their assignments through the online portal.	Neutral
The engineer inspected the equipment before restarting the system.	Neutral
The presentation included charts, tables, and technical diagrams.	Neutral
The laboratory maintains a constant temperature throughout the testing process.	Neutral
The application supports multiple languages and operating systems.	Neutral
The contract becomes effective on the first day of next month.	Neutral
Traffic increased significantly during the morning commute.	Neutral
The researchers recorded their observations in a standardized format.	Neutral
The software automatically creates a backup every twenty-four hours.	Neutral
The warehouse contains products from several different manufacturers.	Neutral
Participants completed the questionnaire anonymously before leaving the study.	Neutral
The information presented in the report is intended to describe measurable facts, procedures, and observations without conveying positive or negative emotional evaluation.	Neutral
The purpose of objective communication is to present information accurately, clearly, and consistently, allowing readers to interpret the facts without the influence of personal emotions or subjective opinions.	Neutral
The meeting agenda was distributed to all participants before the session began.	Neutral
The technician completed the maintenance according to the service manual.	Neutral
This building consists of three floors and two underground parking levels.	Neutral
The package weighs approximately two kilograms.	Neutral
The application requires an internet connection during the initial setup.	Neutral
She entered the conference room and took a seat near the window.	Neutral
The device restarted automatically after the software update was installed.	Neutral
All visitors must register at the reception desk before entering the facility.	Neutral
The report summarizes the project's objectives, methods, and outcomes.	Neutral
The meeting concluded at exactly 4:00 p.m.	Neutral
The sensor records temperature measurements every five seconds.	Neutral
The university offers courses in engineering, business, and medicine.	Neutral
The bridge connects the eastern and western parts of the city.	Neutral
The archive contains documents dating back more than fifty years.	Neutral
The analysis compares the performance of the two manufacturing processes using identical evaluation criteria.	Neutral
The experiment was repeated three times to verify the consistency of the results.	Neutral
The system generates a notification whenever a predefined threshold is exceeded.	Neutral
The project documentation was reviewed and approved by the quality assurance team.	Neutral
Objective language focuses on observable facts, measurable evidence, and verifiable information while avoiding emotional expressions, personal preferences, or subjective judgments.	Neutral
A neutral statement communicates information without suggesting approval, criticism, excitement, disappointment, or any other emotional attitude, making it suitable for technical, scientific, and professional communication.	Neutral
The reservation was confirmed through the online booking system.	Neutral
The document contains twelve sections and three appendices.	Neutral
The machine completed the production cycle in forty-eight seconds.	Neutral
Employees received the updated safety guidelines by email.	Neutral
The airport operates twenty-four hours a day.	Neutral
The customer selected the standard delivery option during checkout.	Neutral
The software license expires at the end of the calendar year.	Neutral
The maintenance team replaced the worn bearings with new components.	Neutral
The classroom accommodates up to thirty students.	Neutral
The package includes the device, a power adapter, and a user manual.	Neutral
The network remained stable throughout the testing period.	Neutral
The samples were stored in a temperature-controlled environment before analysis.	Neutral
The committee approved the revised budget after reviewing the financial report.	Neutral
The training program consists of six instructional modules and one final assessment.	Neutral
The application processes user requests in the order they are received.	Neutral
The measurements were collected using calibrated laboratory instruments.	Neutral
The building inspection identified several items requiring routine maintenance.	Neutral
The database synchronizes automatically with the central server every hour.	Neutral
Neutral communication presents information in a factual and balanced manner, allowing observations, procedures, and measurable outcomes to be understood without implying emotional approval, concern, enthusiasm, or dissatisfaction.	Neutral
Objective writing emphasizes precision, consistency, and clarity by describing events, processes, and evidence without introducing personal feelings, emotional language, or subjective interpretations, making it appropriate for scientific, legal, technical, and administrative contexts.	Neutral
The user account was created successfully.	Neutral
The road extends for approximately fifty kilometers.	Neutral
The meeting has been rescheduled for next Thursday.	Neutral
The package arrived in good condition without visible damage.	Neutral
The application stores configuration settings in a local file.	Neutral
The laboratory equipment was calibrated before each measurement.	Neutral
The elevator serves all floors of the building.	Neutral
The conference attracted participants from more than twenty countries.	Neutral
The operating system installed the required updates overnight.	Neutral
The contract specifies the responsibilities of both parties.	Neutral
The weather station records humidity, temperature, and wind speed every hour.	Neutral
The engineer documented each stage of the installation process.	Neutral
The report was submitted before the established deadline.	Neutral
The manufacturing process follows internationally recognized quality standards.	Neutral
The research paper cites publications from multiple academic journals.	Neutral
The application completed the backup without reporting any errors.	Neutral
The survey results were organized into tables for statistical analysis.	Neutral
The control system continuously monitors voltage, current, and operating temperature.	Neutral
Neutral language communicates facts, observations, and measurable information without expressing emotional approval, criticism, excitement, fear, or any personal attitude toward the subject being described.	Neutral
Objective communication supports accurate understanding by presenting evidence, procedures, and verifiable details in a clear, balanced, and emotionally impartial manner suitable for technical documentation, scientific research, and professional reporting.	Neutral
I woke up furious because of the constant noise.	Angry
My family disappointed me with their selfishness again.	Angry
The little kid screamed and ruined my entire morning.	Angry
After months of hard work they ignored all my efforts.	Angry
The warm sunshine couldn't calm my growing rage.	Angry
I can't stop fuming because of his repeated betrayal.	Angry
Hearing my friend's fake apology made me furious.	Angry
The children were fighting and breaking everything around me.	Angry
Receiving a heartless rejection letter destroyed my mood.	Angry
I felt proud for nothing when my project was unfairly rejected.	Angry
Winning the competition was stolen from me by cheating.	Angry
Every small mistake reminds me of their carelessness.	Angry
Walking through the park while they shouted insults at me.	Angry
The audience stood up and booed my performance loudly.	Angry
Helping someone solve a difficult problem and getting blamed.	Angry
The baby's constant crying drove me to the edge.	Angry
Our vacation was completely destroyed by rude people.	Angry
Completing my degree after all that stress still left me bitter.	Angry
True happiness seems impossible when surrounded by liars.	Angry
Seeing my parents argue loudly filled me with rage.	Angry
Every morning brings a new fight with my unreasonable boss.	Angry
The concert was ruined by terrible organization and noise.	Angry
My best friend called with more bad news that upset me.	Angry
A simple compliment turned into a huge unnecessary argument.	Angry
The puppy ran toward me and knocked over my important things.	Angry
Watching the sunset beside someone who betrayed my trust.	Angry
Our team completely failed the project due to laziness.	Angry
The smell of fresh bread couldn't reduce my deep anger.	Angry
She smiled with genuine disrespect in her eyes.	Angry
Sharing a meal with someone who kept insulting me.	Angry
The classroom was filled with disrespectful and loud students.	Angry
I finally solved a difficult problem only to be criticized.	Angry
Receiving unexpected bad news made my blood boil.	Angry
The wedding celebration turned into complete chaos and fights.	Angry
Music has a remarkable ability to fuel my anger today.	Angry
The successful launch of the project was sabotaged by others.	Angry
Psychological research suggests anger builds up very quickly.	Angry
Despite the challenges we kept arguing bitterly.	Angry
The happiest moments are always ruined by their behavior.	Angry
The first flowers of spring were trampled carelessly.	Angry
My little brother hugged me then deliberately broke my things.	Angry
The entire neighborhood celebrated my failure loudly.	Angry
Finding an old photograph brought back painful memories.	Angry
I finally met my childhood enemy and felt the rage return.	Angry
Every achievement no matter what is unfairly undervalued.	Angry
The volunteers smiled while they made serious mistakes.	Angry
A peaceful walk through the park was interrupted by shouting.	Angry
The audience laughed together at my embarrassing mistake.	Angry
I woke up smiling but reality hit me with frustration.	Angry
My family surprised me with yet another problem.	Angry
The little girl laughed at my painful failure.	Angry
After months of hard work they took all the credit.	Angry
The warm sunshine and fresh air couldn't help my mood.	Angry
I can't stop thinking about their unfair treatment.	Angry
Hearing my friend's good news while I suffer made me Angry.	Angry
The children were playing and destroying my peace.	Angry
Receiving a heartfelt thank-you that turned out sarcastic.	Angry
I felt proud when my project was unfairly judged.	Angry
Winning the competition felt empty because of cheating.	Angry
Every small success reminds me of past injustices.	Angry
Walking through the park while they gossiped about me.	Angry
The audience stood up and criticized me harshly.	Angry
Helping someone solve a difficult situation and getting blamed.	Angry
The baby's first smile didn't ease my frustration.	Angry
Our vacation created nothing but arguments and stress.	Angry
Completing my degree after dealing with fake friends.	Angry
True happiness comes from nowhere in toxic environments.	Angry
Seeing my parents proud of someone's unfair success.	Angry
Every morning brings a new pointless conflict.	Angry
The concert was incredible until the fight broke out.	Angry
My best friend called with even worse news.	Angry
A simple compliment completely backfired on me.	Angry
The puppy ran toward me and caused more trouble.	Angry
Watching the sunset beside an angry and bitter person.	Angry
Our team completed the project in a very poor way.	Angry
The smell of fresh bread was ruined by the argument.	Angry
She smiled with genuine anger hidden in her voice.	Angry
Sharing a meal with someone who is always toxic.	Angry
The classroom was filled with tension and disrespect.	Angry
I finally solved a difficult problem and they ignored it.	Angry
Receiving unexpected criticism broke my patience.	Angry
The wedding celebration completely broke down.	Angry
Music has a remarkable ability to increase my anger.	Angry
The successful launch of the project was overshadowed by conflict.	Angry
Psychological research suggests anger spreads very fast.	Angry
Despite the challenges we argued nonstop.	Angry
The happiest moments are now painful memories.	Angry
The first flowers of spring were destroyed by carelessness.	Angry
My little brother hugged me then lied to my face.	Angry
The entire neighborhood celebrated my loss.	Angry
Finding an old photograph triggered my old rage.	Angry
I finally met my childhood bully again.	Angry
Every achievement no matter what gets dismissed.	Angry
The volunteers smiled while they sabotaged the work.	Angry
A peaceful walk through the park turned into confrontation.	Angry
The audience laughed together at my expense.	Angry
I can't stop feeling angry because of the betrayal.	Angry
The warm sunshine couldn't melt the ice in my heart.	Angry