ActivityText	CategoryLabel
Governments around the world hold elections to choose their political leaders.	Political
The parliament passed a new law regulating campaign donations.	Political
Voters lined up for hours to cast their ballots in the presidential election.	Political
The president signed a treaty with several neighboring countries.	Political
Political parties often clash over foreign policy decisions.	Political
The senator proposed an amendment to the constitution.	Political
Diplomats negotiated a ceasefire agreement after months of conflict.	Political
The prime minister announced a cabinet reshuffle this week.	Political
Citizens protested against the new government policy on taxation.	Political
The opposition party criticized the ruling coalition's handling of the crisis.	Political
International sanctions were imposed following the coup.	Political
The governor called for a special legislative session.	Political
Voter turnout was unusually high during the local elections.	Political
The council debated a new bill on immigration reform.	Political
Political analysts predict a close race in the upcoming election.	Political
The monarchy announced a peaceful transition of power.	Political
Congress approved the budget after weeks of partisan negotiation.	Political
The ambassador met with foreign ministers to discuss trade relations.	Political
A referendum will decide whether the country joins the alliance.	Political
The mayor's administration faced accusations of corruption.	Political
Lawmakers debated the proposed constitutional amendment late into the night.	Political
The campaign focused heavily on national security and diplomacy.	Political
Several countries signed a multilateral treaty to strengthen cooperation.	Political
The judiciary ruled that the new legislation was unconstitutional.	Political
Political stability remains a key concern for international investors.	Political
The candidate's platform emphasized government transparency and accountability.	Political
Parliamentary elections are scheduled for early next year.	Political
The regime faced growing pressure from opposition movements.	Political
Voters expressed frustration with gridlock in the legislature.	Political
The summit brought together heads of state to discuss global governance.	Political
The stock market rallied after the central bank cut interest rates.	Economic
Rising inflation continues to squeeze household budgets.	Economic
The company reported record profits in the last fiscal quarter.	Economic
Investors are worried about a potential recession next year.	Economic
The government announced new tax reforms to boost economic growth.	Economic
Unemployment rates dropped sharply after the recovery began.	Economic
Banks tightened lending standards amid growing debt concerns.	Economic
The startup secured a large round of venture capital funding.	Economic
Export tariffs have strained trade relations between the two nations.	Economic
Consumer spending increased during the holiday shopping season.	Economic
The merger between the two corporations was approved by regulators.	Economic
Wages have not kept pace with the rising cost of living.	Economic
The federal reserve raised interest rates to combat inflation.	Economic
Small businesses struggled to secure loans during the credit crunch.	Economic
The company's shareholders voted to approve the new dividend policy.	Economic
Global supply chains were disrupted, driving up manufacturing costs.	Economic
The nation's GDP grew faster than economists had expected.	Economic
Housing prices surged as mortgage rates hit record lows.	Economic
The firm filed for bankruptcy after years of declining revenue.	Economic
Analysts expect a strong economic recovery later this year.	Economic
The trade deficit widened due to increased imports.	Economic
Entrepreneurs are launching new ventures despite market uncertainty.	Economic
The budget deficit has become a major political issue.	Economic
Retailers reported a decline in sales during the economic downturn.	Economic
The government introduced subsidies to support struggling industries.	Economic
Cryptocurrency markets experienced significant volatility this month.	Economic
The central bank's monetary policy aims to stabilize the currency.	Economic
Productivity gains helped offset rising labor costs.	Economic
The insurance industry faces new regulations following the crisis.	Economic
Many families struggle to balance work and childcare responsibilities.	Social
The community organized a charity drive to support local shelters.	Social
Access to quality education remains unequal across different neighborhoods.	Social
Volunteers spent the weekend helping the elderly in their community.	Social
Social media has changed the way young people build friendships.	Social
The nonprofit organization focuses on reducing homelessness in the city.	Social
Cultural traditions are passed down from one generation to the next.	Social
Mental health awareness has become a major topic in schools.	Social
The rise in immigration has reshaped the demographics of the region.	Social
Marriage and family structures continue to evolve across cultures.	Social
Public welfare programs aim to support low-income households.	Social
The city invested in new housing projects for vulnerable populations.	Social
Gender equality remains a central issue in workplace policies.	Social
Community centers provide activities for youth after school.	Social
The charity relies on volunteers to distribute food to the needy.	Social
Discrimination based on ethnicity remains a persistent social issue.	Social
Support groups help people recover from addiction and trauma.	Social
The neighborhood came together to celebrate a cultural festival.	Social
Access to healthcare varies significantly between urban and rural areas.	Social
Social workers help families navigate the foster care system.	Social
Education reform is needed to address rising dropout rates.	Social
The elderly population is growing, straining social services.	Social
Refugees often face difficulty integrating into new communities.	Social
Domestic violence shelters provide critical support to survivors.	Social
Youth unemployment remains a pressing social challenge.	Social
Religious traditions play a central role in many communities.	Social
Advocacy groups push for stronger disability rights protections.	Social
The scholarship program helps students from low-income families attend university.	Social
Social cohesion depends on trust and cooperation among neighbors.	Social
Public health campaigns aim to reduce childhood obesity rates.	Social
Engineers developed a new microcontroller for industrial automation.	Technological
The company launched an AI-powered assistant for customer service.	Technological
Cybersecurity experts warned of a major data breach affecting millions.	Technological
Researchers are exploring quantum computing for faster data processing.	Technological
The startup built a wearable device to monitor heart rate.	Technological
Software developers released an update to fix critical bugs.	Technological
The factory installed sensors to automate its production line.	Technological
Cloud computing has transformed how businesses store their data.	Technological
The new smartphone features a faster processor and better camera.	Technological
Engineers are testing autonomous drones for package delivery.	Technological
Blockchain technology is being used to secure financial transactions.	Technological
The IoT device connects to the network to send real-time data.	Technological
Machine learning algorithms can now detect fraud more accurately.	Technological
The team debugged the firmware to fix a sensor malfunction.	Technological
Virtual reality is increasingly used in medical training programs.	Technological
The circuit board failed due to a faulty capacitor.	Technological
Programmers wrote new code to optimize the database queries.	Technological
The robot uses computer vision to navigate the warehouse.	Technological
Engineers upgraded the server to handle higher network traffic.	Technological
The app relies on an API to fetch data from the cloud.	Technological
Semiconductor shortages have delayed production of new electronics.	Technological
The lab is developing biotechnology to improve crop yields.	Technological
Renewable energy systems now rely on smart grid technology.	Technological
The technician replaced a burned resistor on the control board.	Technological
Developers are building a platform to integrate multiple applications.	Technological
The satellite transmits data through a secure wireless network.	Technological
Automation has reduced manual labor in many manufacturing plants.	Technological
The company invested heavily in artificial intelligence research.	Technological
Engineers calibrated the sensor to improve measurement accuracy.	Technological
3D printing is being used to prototype new hardware designs.	Technological
Rising global temperatures are causing glaciers to melt at alarming rates.	Environmental
The city introduced new recycling programs to reduce plastic waste.	Environmental
Deforestation continues to threaten biodiversity in tropical regions.	Environmental
Scientists warn that climate change is accelerating faster than predicted.	Environmental
Solar panels are becoming a popular source of renewable energy.	Environmental
The wildfire destroyed thousands of acres of forest land.	Environmental
Coastal communities face rising sea levels due to global warming.	Environmental
Farmers are adopting sustainable practices to protect the soil.	Environmental
Air pollution levels have worsened in many major cities.	Environmental
Conservationists are working to protect endangered species from extinction.	Environmental
The government set new targets to reduce carbon emissions.	Environmental
Ocean plastic pollution is harming marine wildlife worldwide.	Environmental
Droughts have severely impacted agricultural production this year.	Environmental
The wind farm will provide clean energy to thousands of homes.	Environmental
Environmental groups protested against the new oil pipeline.	Environmental
Reforestation efforts aim to restore damaged ecosystems.	Environmental
The company pledged to become carbon neutral by 2030.	Environmental
Flooding has become more frequent due to changing weather patterns.	Environmental
Water scarcity is a growing concern in arid regions.	Environmental
The national park protects a diverse range of wildlife habitats.	Environmental
Greenhouse gas emissions from factories remain a major concern.	Environmental
Sustainable fishing practices help preserve coral reef ecosystems.	Environmental
The city banned single-use plastics to reduce pollution.	Environmental
Renewable energy investment has surged in recent years.	Environmental
Scientists are studying the effects of ocean acidification on marine life.	Environmental
Illegal logging continues to threaten protected forests.	Environmental
The organization promotes composting to reduce household waste.	Environmental
Melting ice caps contribute significantly to rising sea levels.	Environmental
Farmers rely on irrigation systems that consume large amounts of water.	Environmental
Wildlife conservation programs have helped some species recover.	Environmental
The judge ruled in favor of the defendant after reviewing the evidence.	Legal
The court sentenced the defendant to five years in prison.	Legal
Lawyers presented their closing arguments before the jury.	Legal
The company faced a lawsuit over alleged patent infringement.	Legal
Prosecutors charged the suspect with fraud and embezzlement.	Legal
The contract included a clause allowing early termination.	Legal
The attorney filed an appeal after the initial verdict.	Legal
Police obtained a warrant before searching the property.	Legal
The witness testified that she saw the incident occur.	Legal
The tribunal ruled that the company violated environmental regulations.	Legal
The suspect was granted bail pending trial.	Legal
The law firm specializes in intellectual property disputes.	Legal
A new bylaw was passed to regulate short-term rentals.	Legal
The plaintiff sought compensation for damages caused by the accident.	Legal
The judge issued an injunction to halt construction on the site.	Legal
The defendant pleaded guilty to reduce the sentence.	Legal
The couple finalized their divorce settlement after months of negotiation.	Legal
The notary verified the signatures on the legal document.	Legal
The company was found liable for breach of contract.	Legal
Extradition proceedings began after the suspect fled the country.	Legal
The estate was divided among the heirs according to the will.	Legal
The prosecutor presented forensic evidence during the trial.	Legal
The court granted custody of the children to the mother.	Legal
A settlement was reached before the case went to trial.	Legal
The regulator fined the bank for violating compliance rules.	Legal
The barrister argued that the search violated due process.	Legal
The jury deliberated for hours before reaching a verdict.	Legal
The company registered a trademark to protect its brand.	Legal
The judge dismissed the case due to insufficient evidence.	Legal
The defendant's parole was revoked after a second offense.	Legal
She always tries to act with honesty and integrity in her work.	Ethical
The company was praised for its commitment to corporate responsibility.	Ethical
He believes that compassion and empathy are essential human virtues.	Ethical
The scandal raised serious questions about the executive's moral judgment.	Ethical
Many religions teach the importance of forgiveness and humility.	Ethical
The doctor faced a difficult ethical dilemma over patient confidentiality.	Ethical
Whistleblowers often risk their careers to expose corporate wrongdoing.	Ethical
The professor lectured on the philosophy of utilitarianism and justice.	Ethical
Volunteers donate their time out of pure altruism and kindness.	Ethical
The board adopted a strict code of conduct to prevent conflicts of interest.	Ethical
True leadership requires accountability and respect for others.	Ethical
She refused to compromise her principles despite the pressure.	Ethical
The charity's mission is rooted in compassion for the less fortunate.	Ethical
Ethical business practices build long-term trust with customers.	Ethical
He was recognized for his unwavering dedication to fairness and equality.	Ethical
The council debated the ethics of using animals in research.	Ethical
Faith and spirituality guide many people's daily decisions.	Ethical
Transparency and honesty are core values of the organization.	Ethical
The scandal exposed a serious breach of professional ethics.	Ethical
Respect for human dignity should guide every policy decision.	Ethical
The company faced criticism for prioritizing profit over morality.	Ethical
Acting with integrity means doing the right thing even when no one is watching.	Ethical
The community values loyalty, trust, and mutual respect.	Ethical
Bioethics committees review the moral implications of new treatments.	Ethical
His conscience would not allow him to stay silent about the injustice.	Ethical
The organization promotes anti-corruption practices across its supply chain.	Ethical
Wisdom and humility often go hand in hand with good judgment.	Ethical
The philosopher argued that virtue is its own reward.	Ethical
Corporate leaders are increasingly held accountable for ethical lapses.	Ethical
Sincerity and authenticity are valued more than empty promises.	Ethical
She went to the store to buy some groceries for dinner.	General
The meeting was rescheduled to next Tuesday afternoon.	General
He spent the weekend cleaning his garage and organizing tools.	General
The weather today is mild with a slight chance of rain.	General
They watched a movie together after finishing their homework.	General
The recipe calls for two cups of flour and one egg.	General
She took a walk in the park to clear her mind.	General
The train arrived a few minutes late due to traffic.	General
He updated his to-do list before starting his workday.	General
The children played in the backyard until it got dark.	General
She wrote a quick note to remind herself about the appointment.	General
The store is having a sale on kitchen appliances this week.	General
He fixed a leaky faucet in the bathroom over the weekend.	General
They discussed their vacation plans over coffee this morning.	General
The report summarizes the main findings from last month.	General
She organized her bookshelf by color instead of by author.	General
The package should arrive sometime later this afternoon.	General
He usually takes the same route to work every day.	General
The instructions explain how to assemble the new furniture.	General
They exchanged a few friendly messages before the call ended.	General
The event was postponed due to a scheduling conflict.	General
She jotted down a few ideas for the upcoming project.	General
The office switched to a new system for tracking attendance.	General
He glanced at the clock and realized it was getting late.	General
The list included several random items for the trip.	General
They chatted casually about their weekend plans.	General
The form requires basic information such as name and address.	General
She browsed through a few articles before making a decision.	General
The schedule shows a routine set of daily tasks.	General
He mentioned a few miscellaneous details during the conversation.	General
Political scientists study how power is distributed among different branches of government.	Political
The city council voted unanimously to approve the new zoning law.	Political
Grassroots movements have grown rapidly ahead of the national election.	Political
The treaty must be ratified by the legislature before it takes effect.	Political
Diplomatic relations between the two nations remain tense after the border dispute.	Political
A coalition government was formed after no single party won a majority.	Political
The opposition leader called for the resignation of the entire cabinet.	Political
Local elections often receive less media attention than national races.	Political
The constitution guarantees freedom of speech and assembly to all citizens.	Political
Political corruption scandals have eroded public trust in recent years.	Political
The United Nations called for an emergency session to address the crisis.	Political
Voters will head to the polls next month to elect a new mayor.	Political
The bill faces strong opposition from lawmakers in the upper house.	Political
Political campaigns increasingly rely on social media to reach voters.	Political
The head of state addressed the nation in a televised speech.	Political
Border disputes between neighboring countries have sparked diplomatic tension.	Political
The party's manifesto outlines its plans for healthcare and education reform.	Political
A vote of no confidence was called against the sitting government.	Political
Foreign policy experts debated the implications of the new sanctions.	Political
The city's political landscape shifted after the recent by-election.	Political
Activists gathered outside the parliament building to demand reform.	Political
The treaty negotiations stalled over disagreements on trade terms.	Political
Political dissent is often suppressed in authoritarian regimes.	Political
The electoral commission confirmed the results after a recount.	Political
Government officials met with union representatives to discuss labor reforms.	Political
The secretary of state traveled abroad to strengthen diplomatic ties.	Political
Nationalist rhetoric has become more prominent in recent political discourse.	Political
The bill was passed after a lengthy debate in the legislature.	Political
The president's approval ratings dropped following the policy announcement.	Political
Local governments are responsible for managing public infrastructure and services.	Political
The peace talks aim to end years of political conflict in the region.	Political
Political parties are gearing up for the upcoming general election.	Political
The government declared a state of emergency following the unrest.	Political
Civil servants play a key role in implementing government policy.	Political
The senate committee held hearings on the proposed immigration bill.	Political
International observers monitored the election to ensure it was fair.	Political
The parliament dissolved ahead of schedule, triggering early elections.	Political
Political refugees sought asylum after fleeing the oppressive regime.	Political
The new administration pledged to reform the tax system.	Political
Diplomatic immunity protects foreign officials from local prosecution.	Political
The town hall meeting gave residents a chance to question their representatives.	Political
Political polarization has deepened over the past decade.	Political
The government coalition collapsed after a dispute over budget priorities.	Political
Election monitors reported minor irregularities in several polling stations.	Political
The president vetoed the bill, sending it back to congress.	Political
Political dynasties still hold significant influence in some countries.	Political
The foreign minister condemned the attack in a strongly worded statement.	Political
Debate over voting rights continues to dominate political discourse.	Political
The city's political leaders gathered to discuss the budget shortfall.	Political
A new political movement emerged calling for greater transparency in government.	Political
The court's ruling on the electoral law sparked widespread political debate.	Political
Government spending on defense has increased significantly this year.	Political
The parliamentary opposition boycotted the vote in protest.	Political
Political commentators analyzed the debate performance of both candidates.	Political
The regional government requested additional funding from the federal budget.	Political
Diplomats from both sides resumed talks after a brief pause.	Political
The election campaign was marked by heated exchanges between candidates.	Political
Political reform advocates pushed for term limits on elected officials.	Political
The government's handling of the crisis drew sharp criticism from all sides.	Political
Voter registration numbers reached a record high ahead of the election.	Political
The prime minister's coalition partners threatened to withdraw their support.	Political
Political analysts warned of instability if the vote of no confidence succeeds.	Political
The council approved a motion to increase transparency in local government.	Political
International sanctions have had a significant impact on the country's economy.	Political
The political party unveiled its platform for the upcoming campaign season.	Political
Government leaders convened an emergency summit to address the conflict.	Political
The legislature passed a resolution condemning the human rights violations.	Political
Political tensions rose sharply after the disputed election results.	Political
The ambassador was recalled following the diplomatic incident.	Political
Citizens exercised their right to vote despite long lines at polling stations.	Political
The company's quarterly earnings exceeded analyst expectations.	Economic
Rising fuel prices have pushed transportation costs higher.	Economic
The economy added more jobs than expected last month.	Economic
Investors pulled money out of the market amid rising uncertainty.	Economic
The central bank left interest rates unchanged at its latest meeting.	Economic
Small business owners are struggling to keep up with rising overhead costs.	Economic
The country's currency weakened sharply against the dollar.	Economic
Manufacturing output declined for the third consecutive month.	Economic
The trade agreement is expected to boost exports significantly.	Economic
Consumer confidence rose slightly despite ongoing inflation concerns.	Economic
The company announced layoffs as part of a cost-cutting plan.	Economic
Housing starts increased as builders responded to strong demand.	Economic
The stock exchange suspended trading after a sharp market plunge.	Economic
Wage growth has slowed even as unemployment remains low.	Economic
The government unveiled a stimulus package to support struggling sectors.	Economic
Oil prices surged following supply disruptions in the region.	Economic
The bank reported a rise in loan defaults during the downturn.	Economic
Retail sales figures beat expectations during the holiday season.	Economic
The company's stock price tumbled after disappointing earnings.	Economic
Economic growth is expected to slow in the coming quarters.	Economic
The pension fund posted strong returns despite market volatility.	Economic
Businesses are passing higher costs onto consumers through price increases.	Economic
The trade deficit narrowed as exports outpaced imports.	Economic
Interest rate hikes have made borrowing more expensive for households.	Economic
The company secured a major contract that will boost future revenue.	Economic
Economists are divided over whether a recession is imminent.	Economic
The stock market closed at a record high after strong earnings reports.	Economic
Rising energy costs have squeezed profit margins across industries.	Economic
The government raised the minimum wage to keep pace with inflation.	Economic
Foreign investment in the country's tech sector has grown rapidly.	Economic
The insurance company raised premiums following a string of claims.	Economic
Supply shortages have driven up prices for raw materials.	Economic
The central bank's decision sent shockwaves through global markets.	Economic
Corporate profits soared despite ongoing economic headwinds.	Economic
The company filed for an initial public offering on the stock exchange.	Economic
Household debt has climbed to its highest level in years.	Economic
The economy is showing early signs of recovery after the downturn.	Economic
Currency fluctuations have made international trade more unpredictable.	Economic
The firm's revenue grew steadily despite a challenging market.	Economic
Job growth remained strong even as inflation cooled slightly.	Economic
The government's fiscal policy aims to reduce the national debt.	Economic
Analysts revised their growth forecasts downward amid weak demand.	Economic
The company diversified its portfolio to reduce financial risk.	Economic
Bankruptcy filings increased sharply during the economic slowdown.	Economic
The central bank warned of the risks posed by rising inflation.	Economic
Real estate investors are betting on continued growth in the housing market.	Economic
The trade war has disrupted supply chains across multiple industries.	Economic
Consumer spending patterns shifted significantly during the recession.	Economic
The company's shares rallied after news of the merger broke.	Economic
Economic indicators point to a gradual recovery in the labor market.	Economic
The government introduced tax incentives to attract foreign investment.	Economic
Rising interest rates have cooled demand in the housing market.	Economic
The firm reported its first profit in three years.	Economic
Global markets reacted nervously to the surprise interest rate decision.	Economic
The company's cost-cutting measures helped improve its bottom line.	Economic
Inflation eroded the purchasing power of average households.	Economic
The stock split boosted investor interest in the company's shares.	Economic
Business confidence improved following the announcement of new trade deals.	Economic
The economy contracted for the second straight quarter, signaling a recession.	Economic
Venture capital funding for startups declined amid market uncertainty.	Economic
The company's expansion into new markets drove strong revenue growth.	Economic
Rising labor costs have prompted some firms to automate production.	Economic
The government's budget proposal includes significant cuts to public spending.	Economic
Currency devaluation made imports more expensive for consumers.	Economic
The bank's profits rose as interest income increased.	Economic
Analysts expect the merger to create significant cost savings.	Economic
The economic downturn has hit the manufacturing sector particularly hard.	Economic
Consumer debt levels have raised concerns among economists.	Economic
The company's earnings call revealed plans for further expansion.	Economic
Trade negotiations resumed after months of stalled talks.	Economic
Teenagers today spend significant time interacting on social media platforms.	Social
The city launched a program to provide affordable housing for low-income families.	Social
Community leaders met to discuss ways to reduce youth crime.	Social
Volunteers packed meals for families affected by the recent flooding.	Social
The school introduced a new curriculum to address bullying among students.	Social
Multigenerational households have become more common in recent years.	Social
The clinic offers free counseling services to survivors of domestic abuse.	Social
Immigrant communities often form support networks to help newcomers adjust.	Social
The city's aging population has increased demand for elder care services.	Social
Parents are increasingly concerned about screen time among young children.	Social
The nonprofit provides job training to help the unemployed find work.	Social
Social isolation among the elderly has been linked to declining health.	Social
The community garden brings neighbors together to grow fresh produce.	Social
Teachers reported a rise in students facing food insecurity at home.	Social
The shelter provides temporary housing for families experiencing homelessness.	Social
Interfaith dialogue has helped ease tensions between different religious groups.	Social
The city expanded public transportation to improve access for disabled residents.	Social
Volunteers mentor at-risk youth to help them stay in school.	Social
The survey revealed growing concerns about mental health among teenagers.	Social
Cultural festivals celebrate the diversity of the city's many communities.	Social
The organization advocates for stronger protections for domestic workers.	Social
Grandparents increasingly play a central role in raising grandchildren.	Social
The city council approved funding for a new community health center.	Social
Social workers are stretched thin as caseloads continue to rise.	Social
The program pairs elderly residents with student volunteers for companionship.	Social
Rural communities often lack access to the same social services as cities.	Social
The charity distributes winter coats to children in need each year.	Social
Peer support groups have proven effective in helping people overcome addiction.	Social
The neighborhood watch program aims to improve safety and build trust.	Social
Public libraries increasingly serve as community hubs for social services.	Social
The city's homeless population has grown despite new housing initiatives.	Social
Blended families face unique challenges in building strong relationships.	Social
The organization provides scholarships to first-generation college students.	Social
Social norms around gender roles continue to shift across generations.	Social
The community rallied to support a family who lost their home in a fire.	Social
Access to affordable childcare remains a major barrier for working parents.	Social
The city introduced bilingual services to better support immigrant residents.	Social
Youth centers offer a safe space for teenagers after school hours.	Social
The report highlighted disparities in healthcare access among different communities.	Social
Volunteers organized a food drive ahead of the holiday season.	Social
The elderly care facility struggled to maintain adequate staffing levels.	Social
Social entrepreneurs are developing new solutions to reduce poverty.	Social
The city's refugee resettlement program helps newcomers find housing and jobs.	Social
Support networks play a crucial role in helping people recover from trauma.	Social
The community center offers free classes in English as a second language.	Social
Teen pregnancy rates have declined significantly over the past two decades.	Social
The organization campaigns for better protections against workplace discrimination.	Social
Neighbors organized a cleanup day to improve their local park.	Social
The city's public health department launched a campaign to reduce smoking rates.	Social
Foster families provide critical support to children in the welfare system.	Social
The community's response to the crisis showed remarkable solidarity.	Social
Access to clean water remains a challenge in some underserved communities.	Social
The organization trains volunteers to support survivors of human trafficking.	Social
Social clubs help newcomers build friendships in unfamiliar cities.	Social
The city's anti-poverty initiative focuses on job training and education.	Social
Grandparents raising grandchildren often face financial and emotional strain.	Social
The shelter's capacity has been stretched by rising demand this winter.	Social
Local churches and mosques often coordinate to provide community services.	Social
The city's youth council gives young people a voice in local government.	Social
Support for caregivers of family members with disabilities remains limited.	Social
The community held a vigil to honor victims of the recent tragedy.	Social
Rising rents have forced many long-time residents out of the neighborhood.	Social
The organization provides free legal aid to low-income families.	Social
Intergenerational programs connect seniors with local schoolchildren.	Social
The city's diversity is reflected in its many cultural neighborhoods.	Social
Volunteers deliver meals to homebound seniors several times a week.	Social
The nonprofit works to reduce stigma around mental illness in the community.	Social
Public housing waitlists have grown longer amid rising demand.	Social
The community center hosts weekly gatherings for new parents to connect.	Social
Social bonds within tight-knit communities often strengthen during hard times.	Social
The startup unveiled a new chip designed to accelerate AI workloads.	Technological
Engineers are working to reduce the power consumption of mobile processors.	Technological
The app uses facial recognition to unlock the device securely.	Technological
A software glitch caused the system to crash during peak hours.	Technological
The company rolled out a firmware update to fix a security vulnerability.	Technological
Researchers built a prototype robot capable of climbing stairs.	Technological
The new algorithm significantly speeds up image processing tasks.	Technological
Engineers replaced the faulty sensor to restore the machine's accuracy.	Technological
The data center expanded its servers to handle growing cloud demand.	Technological
Developers are integrating voice recognition into the new smart speaker.	Technological
The drone's navigation system relies on GPS and onboard sensors.	Technological
A new encryption method aims to protect data from quantum attacks.	Technological
The factory's robotic arms assemble components with high precision.	Technological
The company launched a beta version of its new operating system.	Technological
Engineers tested the circuit board under extreme temperature conditions.	Technological
The app's backend was rebuilt to improve loading speed.	Technological
Researchers are developing biodegradable batteries for wearable devices.	Technological
The network outage affected thousands of users across the region.	Technological
The team used simulation software to test the bridge's structural design.	Technological
A new microchip promises faster processing with lower energy use.	Technological
The smart home system lets users control lighting through a mobile app.	Technological
Engineers diagnosed the issue as a short circuit in the power supply.	Technological
The company patented a new method for wireless charging.	Technological
Developers released an open-source library to simplify app development.	Technological
The autonomous vehicle successfully completed its first road test.	Technological
The lab is experimenting with graphene to improve battery performance.	Technological
A cyberattack forced the company to shut down its online services temporarily.	Technological
The new sensor array improves the drone's obstacle detection capabilities.	Technological
Engineers upgraded the assembly line with new automated equipment.	Technological
The app's latest update includes improved data encryption features.	Technological
Researchers are using machine learning to predict equipment failures.	Technological
The company's new server architecture reduces downtime significantly.	Technological
A faulty solder joint caused the circuit board to malfunction.	Technological
The startup is developing a chip specifically for edge computing applications.	Technological
Engineers calibrated the robotic arm to improve assembly accuracy.	Technological
The software update introduced a new user interface for the dashboard.	Technological
Researchers are testing 5G networks to improve mobile connectivity.	Technological
The device's battery life was extended through a new power management system.	Technological
The team debugged the code to resolve a memory leak issue.	Technological
The company is investing in robotics to automate its warehouse operations.	Technological
A new app uses augmented reality to help users navigate indoor spaces.	Technological
Engineers replaced the outdated wiring to improve the system's reliability.	Technological
The lab developed a sensor capable of detecting air quality in real time.	Technological
The company's cloud platform now supports real-time data analytics.	Technological
Developers are working to make the app compatible with older devices.	Technological
The robot uses reinforcement learning to improve its performance over time.	Technological
Engineers tested the new battery under various environmental conditions.	Technological
The company unveiled a foldable display for its next smartphone model.	Technological
A software patch was released to address the security flaw.	Technological
Researchers are exploring ways to make solar panels more efficient.	Technological
The factory's control system was upgraded to reduce production errors.	Technological
The app relies on cloud storage to sync data across multiple devices.	Technological
Engineers are designing a lighter frame for the next generation of drones.	Technological
The company's server farm consumes a significant amount of electricity.	Technological
A new diagnostic tool helps technicians identify hardware failures faster.	Technological
The team built a custom circuit to control the robot's movement.	Technological
The startup's app matches users with service providers using an algorithm.	Technological
Engineers are testing wireless sensors for use in industrial automation.	Technological
The company launched a new platform to manage IoT devices remotely.	Technological
Researchers developed a chip that mimics the structure of the human brain.	Technological
The software's new feature allows users to collaborate in real time.	Technological
Engineers replaced the burned-out transistor to restore the board's function.	Technological
The company's new app tracks fitness metrics using wearable sensors.	Technological
A hardware failure caused the servers to go offline for several hours.	Technological
The lab is testing new materials to improve semiconductor performance.	Technological
Developers optimized the database to handle a larger volume of queries.	Technological
The company's autonomous forklifts now handle most warehouse logistics.	Technological
Engineers are refining the algorithm to reduce false positives in fraud detection.	Technological
The startup raised funding to expand its cybersecurity research team.	Technological
The new prototype demonstrated significant improvements in energy efficiency.	Technological
The government pledged to plant a million trees over the next decade.	Environmental
Melting permafrost is releasing methane trapped for thousands of years.	Environmental
The city expanded its bike lanes to reduce vehicle emissions.	Environmental
Coral bleaching events have become more frequent due to warmer oceans.	Environmental
The company switched to biodegradable packaging to cut plastic waste.	Environmental
Heavy rains caused severe flooding in low-lying coastal areas.	Environmental
The wildlife sanctuary reported a decline in the local bird population.	Environmental
Farmers are struggling to adapt to increasingly unpredictable weather patterns.	Environmental
The city introduced a carbon tax to encourage cleaner energy use.	Environmental
Illegal dumping has contaminated several rivers in the region.	Environmental
The organization is restoring wetlands to improve flood resilience.	Environmental
Rising temperatures have shortened the growing season in some regions.	Environmental
The government banned the import of certain hazardous chemicals.	Environmental
Volunteers cleaned up several tons of trash from the beach.	Environmental
The report warns that current emission levels are unsustainable.	Environmental
Solar energy production reached a record high this year.	Environmental
The city's air quality improved after new emissions standards were introduced.	Environmental
Scientists discovered a new species during an expedition to the rainforest.	Environmental
The drought has left several reservoirs at critically low levels.	Environmental
The company invested in wind turbines to power its factories.	Environmental
Overgrazing has led to significant soil degradation in the region.	Environmental
The city launched a composting program to reduce landfill waste.	Environmental
Rising ocean temperatures are disrupting fish migration patterns.	Environmental
The government introduced stricter regulations on industrial emissions.	Environmental
Melting glaciers are threatening freshwater supplies for millions of people.	Environmental
The organization is working to protect nesting sites for sea turtles.	Environmental
Air pollution from vehicle exhaust remains a major health concern.	Environmental
The city's green roof initiative aims to reduce urban heat.	Environmental
Invasive species are threatening native plants in the national park.	Environmental
The company reduced its water usage through more efficient manufacturing.	Environmental
Scientists are monitoring the effects of rising temperatures on polar ice.	Environmental
The city banned the sale of plastic bags to reduce litter.	Environmental
Reforestation projects have helped restore habitats for endangered wildlife.	Environmental
The oil spill caused significant damage to the local marine ecosystem.	Environmental
Farmers are adopting drip irrigation to conserve water resources.	Environmental
The government announced new incentives for electric vehicle purchases.	Environmental
Rising sea temperatures are contributing to more intense storms.	Environmental
The city's recycling rate improved after the new sorting program began.	Environmental
Deforestation in the region has accelerated due to illegal logging.	Environmental
The park ranger reported an increase in poaching activity this year.	Environmental
The company committed to using only recycled materials by 2030.	Environmental
Prolonged drought has increased the risk of wildfires across the state.	Environmental
The organization is working to reduce plastic pollution in the ocean.	Environmental
Air quality alerts were issued as smoke from wildfires spread across the city.	Environmental
The government is investing in flood defenses to protect coastal towns.	Environmental
Scientists warn that biodiversity loss is accelerating at an alarming rate.	Environmental
The city's tree canopy has shrunk significantly over the past decade.	Environmental
Renewable energy now accounts for a growing share of the power grid.	Environmental
The wetland restoration project has attracted a variety of bird species.	Environmental
Industrial runoff has polluted several waterways in the area.	Environmental
The heatwave has put pressure on the region's power grid.	Environmental
Farmers reported lower crop yields due to unusually dry conditions.	Environmental
The city introduced electric buses to reduce public transit emissions.	Environmental
Melting sea ice is threatening the habitat of polar bears.	Environmental
The organization campaigns against the use of single-use plastics.	Environmental
Rising temperatures have caused earlier and more intense wildfire seasons.	Environmental
The government set aside protected land to preserve local ecosystems.	Environmental
Ocean currents are shifting in response to changing climate patterns.	Environmental
The city's water treatment plant was upgraded to handle increased demand.	Environmental
Conservationists are tracking the migration patterns of endangered species.	Environmental
The company reduced its carbon footprint by switching to renewable energy.	Environmental
Soil erosion has become a growing concern for farmers in the valley.	Environmental
The national park introduced new measures to protect its wildlife.	Environmental
Rising humidity levels have increased the risk of mold in coastal homes.	Environmental
The city's environmental agency issued a warning about poor air quality.	Environmental
Scientists are studying how climate change affects migratory bird patterns.	Environmental
The organization is planting mangroves to protect the coastline from erosion.	Environmental
The government introduced subsidies for farmers who adopt sustainable practices.	Environmental
Melting ice sheets are contributing to a measurable rise in sea levels.	Environmental
The city's environmental policies aim to achieve net-zero emissions by 2050.	Environmental
The court dismissed the appeal, upholding the original verdict.	Legal
The lawyer advised her client to accept the settlement offer.	Legal
The company was sued for violating consumer protection laws.	Legal
The judge granted a temporary restraining order against the defendant.	Legal
Police arrested the suspect after obtaining sufficient evidence.	Legal
The contract dispute was resolved through binding arbitration.	Legal
The defendant's lawyer argued that the evidence was obtained illegally.	Legal
The court upheld the lower court's ruling on appeal.	Legal
The company faced criminal charges for violating safety regulations.	Legal
The judge sealed the records to protect the identity of the minor.	Legal
The plaintiff's attorney presented expert testimony during the trial.	Legal
The suspect was released on bail pending further investigation.	Legal
The court ordered the company to pay damages for the breach of contract.	Legal
A grand jury indicted the executive on charges of fraud.	Legal
The defense attorney requested a change of venue for the trial.	Legal
The regulator launched an investigation into the company's practices.	Legal
The judge instructed the jury to disregard the inadmissible testimony.	Legal
The couple signed a prenuptial agreement before their wedding.	Legal
The court ruled that the search warrant was improperly issued.	Legal
The company settled the lawsuit out of court for an undisclosed amount.	Legal
The prosecutor dropped the charges due to lack of evidence.	Legal
The witness recanted her earlier statement during cross-examination.	Legal
The judge denied the motion to dismiss the case.	Legal
The tenant filed a complaint against the landlord for unsafe conditions.	Legal
The court awarded custody to the father after reviewing the case.	Legal
The company's legal team reviewed the contract before signing.	Legal
The defendant was acquitted after the jury found insufficient evidence.	Legal
The judge imposed a fine in addition to the prison sentence.	Legal
The victim's family filed a civil suit against the company.	Legal
The court granted an extension for the defense to prepare its case.	Legal
The attorney general announced an investigation into the fraud allegations.	Legal
The company appealed the ruling to a higher court.	Legal
The judge approved the plea deal reached between the prosecution and defense.	Legal
The estate lawyer helped the family navigate the probate process.	Legal
The court ordered mediation before allowing the case to proceed to trial.	Legal
The suspect's attorney argued that his rights had been violated during the arrest.	Legal
The company was ordered to pay a substantial fine for regulatory violations.	Legal
The judge dismissed the jury after they failed to reach a unanimous verdict.	Legal
The landlord filed for eviction after the tenant missed several payments.	Legal
The court upheld the validity of the will despite the family's objections.	Legal
The prosecutor presented DNA evidence linking the suspect to the crime scene.	Legal
The company's contract included a non-compete clause for employees.	Legal
The judge ordered the release of the documents under freedom of information laws.	Legal
The defendant's sentence was reduced on appeal due to a legal technicality.	Legal
The court ruled that the company had infringed on the patent.	Legal
The victim testified about the events leading up to the incident.	Legal
The law firm represented the plaintiff in the class action lawsuit.	Legal
The judge set a trial date for early next year.	Legal
The company was found guilty of violating antitrust laws.	Legal
The defense argued that the confession was made under duress.	Legal
The court granted the request for a new trial based on new evidence.	Legal
The couple's divorce proceedings were finalized after a lengthy legal battle.	Legal
The regulator imposed sanctions on the firm for compliance failures.	Legal
The judge admonished the attorney for repeatedly interrupting the witness.	Legal
The company's legal counsel negotiated a favorable settlement.	Legal
The court ordered the immediate release of the wrongfully detained suspect.	Legal
The prosecutor's opening statement outlined the case against the defendant.	Legal
The tenant won the lawsuit after proving the landlord had violated the lease.	Legal
The appellate court reversed the lower court's decision.	Legal
The company faced a class action lawsuit over defective products.	Legal
The judge sentenced the defendant to community service instead of jail time.	Legal
The witness's testimony was corroborated by security camera footage.	Legal
The court ruled in favor of the employee in the wrongful termination case.	Legal
The attorney filed a motion to suppress the illegally obtained evidence.	Legal
The company reached a settlement to avoid a lengthy court battle.	Legal
The judge ordered both parties to attend mediation before the trial date.	Legal
The suspect waived his right to a jury trial.	Legal
The court's decision set a new precedent for similar cases.	Legal
The legal team spent months preparing for the high-profile trial.	Legal
The defendant's appeal was denied by the state supreme court.	Legal
He chose to return the extra change even though no one would have noticed.	Ethical
The company faced backlash for using misleading advertising practices.	Ethical
She believes that treating others fairly is more important than winning.	Ethical
The scientist refused to falsify data despite pressure from the sponsor.	Ethical
Employees are encouraged to report unethical behavior without fear of retaliation.	Ethical
The nonprofit's leadership emphasized transparency in all its financial dealings.	Ethical
He apologized sincerely after realizing his mistake had hurt others.	Ethical
The company's marketing team debated the ethics of targeting vulnerable consumers.	Ethical
She volunteered countless hours without ever expecting recognition.	Ethical
The board resigned after an internal audit revealed ethical violations.	Ethical
Honesty, even when difficult, builds trust between people.	Ethical
The journalist refused to reveal her source, citing professional integrity.	Ethical
The teacher modeled respect and fairness in every interaction with students.	Ethical
The committee debated whether the experiment crossed an ethical line.	Ethical
He stood by his principles even when it cost him his job.	Ethical
The company pledged to treat all employees with dignity and respect.	Ethical
She felt a moral obligation to speak up against the injustice she witnessed.	Ethical
The doctor prioritized patient welfare over financial incentives.	Ethical
The organization's code of ethics prohibits any form of discrimination.	Ethical
He returned the lost wallet with all the money still inside.	Ethical
The scandal revealed a troubling disregard for basic ethical standards.	Ethical
She chose honesty over convenience, even when it was uncomfortable.	Ethical
The company's leadership emphasized integrity as a core value.	Ethical
He felt guilty for not intervening when he saw someone being mistreated.	Ethical
The nonprofit's mission is guided by compassion and a sense of duty.	Ethical
The whistleblower faced retaliation after exposing the company's misconduct.	Ethical
She believes that true character is revealed in moments of temptation.	Ethical
The professor encouraged students to consider the ethical implications of their research.	Ethical
He kept his promise despite the personal sacrifice it required.	Ethical
The organization holds itself accountable through regular ethical audits.	Ethical
She refused to take credit for work that wasn't hers.	Ethical
The company faced criticism for its lack of transparency with shareholders.	Ethical
He believes that kindness costs nothing but means everything.	Ethical
The board adopted new guidelines to ensure ethical decision-making.	Ethical
She felt torn between loyalty to her friend and her sense of justice.	Ethical
The organization's volunteers are driven by a deep sense of altruism.	Ethical
He admitted his mistake publicly, valuing honesty over his reputation.	Ethical
The company was praised for prioritizing employee wellbeing over profit.	Ethical
She believes that empathy is the foundation of any ethical decision.	Ethical
The scandal exposed a culture that tolerated dishonesty at every level.	Ethical
He chose to forgive rather than seek revenge.	Ethical
The nonprofit relies on donors who value transparency and accountability.	Ethical
She refused the bribe, choosing integrity over personal gain.	Ethical
The company's new policy reflects its commitment to social responsibility.	Ethical
He believes that true leadership requires humility and self-reflection.	Ethical
The organization's ethics committee reviews every major decision.	Ethical
She spoke out against the injustice despite the risk to her career.	Ethical
The company faced backlash after failing to disclose a conflict of interest.	Ethical
He values honesty even when the truth is difficult to hear.	Ethical
The volunteers dedicated their weekend to helping strangers in need.	Ethical
The board's decision reflected a strong commitment to ethical governance.	Ethical
She believes that respect for others should guide every decision.	Ethical
The company was recognized for its ethical labor practices.	Ethical
He refused to compromise his values despite the financial temptation.	Ethical
The organization emphasizes accountability at every level of leadership.	Ethical
She felt it was her duty to correct the misinformation she had spread.	Ethical
The company's leadership faced scrutiny over its questionable business practices.	Ethical
He believes that true success is measured by character, not wealth.	Ethical
The nonprofit's founder was praised for her unwavering commitment to the cause.	Ethical
She chose to prioritize honesty even when it meant losing the deal.	Ethical
The organization's code of conduct emphasizes fairness and respect.	Ethical
He felt a strong sense of responsibility to protect those who couldn't protect themselves.	Ethical
The company faced ethical questions over its use of customer data.	Ethical
She believes that integrity means doing what's right, not what's easy.	Ethical
The board's ethical lapse led to a significant loss of public trust.	Ethical
He apologized and took full responsibility for his actions.	Ethical
The organization's volunteers embody the values of compassion and service.	Ethical
She refused to participate in what she believed was an unethical scheme.	Ethical
The company's new ethics training aims to prevent future misconduct.	Ethical
He believes that true character shows most clearly under pressure.	Ethical
She poured herself a cup of coffee before starting her day.	General
He forgot his umbrella at home despite the forecast for rain.	General
They spent the afternoon rearranging the furniture in the living room.	General
She checked her email before heading out for lunch.	General
He listened to a podcast during his morning commute.	General
The dog waited by the door for its evening walk.	General
She picked up a few extra items while grocery shopping.	General
He charged his phone overnight so it would be ready in the morning.	General
They planned a small get-together for the weekend.	General
She skimmed through the newspaper while eating breakfast.	General
He replaced the batteries in the remote control.	General
The neighbors waved as they passed each other on the street.	General
She folded the laundry while watching television.	General
He jotted down a grocery list before heading to the store.	General
They took turns choosing what to watch on movie night.	General
She swept the porch before guests arrived.	General
He set an alarm to wake up early for his appointment.	General
The kids built a fort out of couch cushions.	General
She watered the plants on the balcony every morning.	General
He tightened a loose screw on the kitchen cabinet.	General
They packed a picnic lunch for their trip to the park.	General
She scrolled through her phone while waiting for the bus.	General
He wiped down the counters after finishing dinner.	General
The cat curled up on the windowsill in the afternoon sun.	General
She reorganized her closet over the weekend.	General
He grabbed a quick snack between meetings.	General
They strolled through the neighborhood after dinner.	General
She printed out the directions before the road trip.	General
He replaced the light bulb in the hallway.	General
The class took a short break between lessons.	General
She wrote a short reminder on a sticky note.	General
He parked the car in the usual spot outside the office.	General
They caught up on messages during their lunch break.	General
She hung a few pictures on the wall in the hallway.	General
He checked the mailbox before heading inside.	General
The library extended its hours during exam week.	General
She sorted through old boxes in the attic.	General
He filled out the form and dropped it off at the front desk.	General
They compared notes after the meeting ended.	General
She topped off her water bottle before the gym.	General
He glanced through a few emails before logging off for the day.	General
The bus route was slightly delayed due to roadwork.	General
She tidied up her desk before leaving the office.	General
He picked out a few books to read over the weekend.	General
They swapped recipes during their coffee chat.	General
She set the table while dinner finished cooking.	General
He replaced the filter in the air conditioner.	General
The store restocked its shelves overnight.	General
She jotted a few notes during the presentation.	General
He looked up directions before leaving the house.	General
They tidied the yard before the weekend guests arrived.	General
She checked the weather app before deciding what to wear.	General
He swapped out his winter tires for the summer season.	General
The office held a casual gathering to celebrate the milestone.	General
She skimmed the manual before assembling the shelf.	General
He grabbed his keys and headed out the door.	General
They discussed a few minor updates during the call.	General
She refilled the printer with paper before the meeting.	General
He noted a few changes to the weekly schedule.	General
The group met briefly to go over the agenda.	General
She picked up dry cleaning on her way home.	General
He adjusted the thermostat before going to bed.	General
They exchanged pleasantries before starting the meeting.	General
She browsed a few stores before deciding what to buy.	General
He double-checked the address before leaving.	General
The team wrapped up a few loose ends before the weekend.	General
She jotted down her thoughts in a small notebook.	General
He glanced at his watch, realizing the meeting ran long.	General
They tidied up the kitchen after the small gathering.	General
She made a mental note to call back later that day.	General
The legal system exists to protect individual rights and maintain public order.	Legal
Laws establish clear rules that govern how people and organizations must behave.	Legal
The rule of law ensures that everyone, regardless of status, is subject to the same legal standards.	Legal
A fair legal system depends on due process, transparency, and equal treatment under the law.	Legal
Legal frameworks define the rights and responsibilities of citizens within a society.	Legal
The justice system aims to resolve disputes fairly and hold wrongdoers accountable.	Legal
Constitutional rights form the foundation of a country's legal structure.	Legal
Legal principles guide judges in interpreting the law consistently across cases.	Legal
Regulatory bodies enforce compliance with laws designed to protect the public interest.	Legal
A well-functioning legal system builds public confidence in institutions and governance.	Legal
Legal protections ensure that individuals can seek justice when their rights are violated.	Legal
The concept of due process guarantees a fair hearing before any legal judgment is made.	Legal
Legal accountability requires that both individuals and organizations answer for their actions.	Legal
Access to legal representation is a fundamental principle of a just legal system.	Legal
Property rights and contractual obligations are central pillars of civil law.	Legal
The legal framework governing business conduct promotes fairness and market stability.	Legal
Legal reforms are often introduced to address gaps or inconsistencies in existing laws.	Legal
A society governed by the rule of law reduces the risk of arbitrary or unjust treatment.	Legal
Legal scholars study how laws evolve to reflect changing social values.	Legal
The justice system relies on impartial courts to interpret and apply the law fairly.	Legal
Human rights law establishes protections that governments are obligated to uphold.	Legal
Legal certainty allows individuals and businesses to plan their affairs with confidence.	Legal
The separation of powers ensures that no single branch of government controls the legal system alone.	Legal
Compliance with regulations helps organizations avoid legal liability and reputational harm.	Legal
Legal education equips future lawyers and judges with the skills to uphold justice.	Legal
